"","sample","Time_start","flux_start","fDOY_end","file","flux_source","position","measurement_day_alt","month_alt","year_alt","measurement_day_actual","tag","t0","t1","t2","t3","directon","chamber","chamber_SA_cm2","soil_moisture","notes","measurement_day_altyr","avg_respT","campaign","species","ID_measurement","flux.CO2","flux.CO2_umol","flux.CH4","CH4_CO2","R2.CO2","R2.CH4","p.CO2","p.CH4","fieldnotes","wall_thickness_mm","species_s"
"6","MD1",31.4247222222222,"2023-09-28 12:04:00",31.4257638888889,"f0007","s","0","2/01/2002",2,2002,"05/16/2022",6,43.5,44.1,44.1,NA,"N","lg",183.85,NA,"","/01/2002",43.9,"may22","Nasuti","MD1-6",349.879728668687,349879.728668687,100.816395593049,0.000288145860798113,0.999101431361343,0.880926091040106,2.03235456104565e-140,7.90284265374978e-44,NA,NA,"N. magnus"
"7","MD1",31.4268055555556,"2023-09-28 12:04:00",31.4278472222222,"f0007","s","1","2/01/2002",2,2002,"05/16/2022",7,42.9,43.6,43.2,NA,"N","lg",183.85,NA,"","/01/2002",43.2333333333333,"may22","Nasuti","MD1-7",257.913040533306,257913.040533306,7.95156005153,3.08303916509532e-05,0.99587434639037,0.0560288406575879,2.67316222817319e-110,0.0223488759697962,NA,NA,"N. magnus"
"8","MD1",31.4290162037037,"2023-09-28 12:04:00",31.4300578703704,"f0007","s","2","2/01/2002",2,2002,"05/16/2022",8,43.9,45,45,NA,"N","lg",183.85,NA,"","/01/2002",44.6333333333333,"may22","Nasuti","MD1-8",399.826661471087,399826.661471087,-5.46257344991129,-1.36623541557053e-05,0.999163226787638,0.0227913194233296,7.94433620526578e-142,0.148602626489557,NA,NA,"N. magnus"
"13","MD10",334.429513888889,"2023-09-28 15:01:00",334.430555555556,"f0019","s","0","12/01/2002",12,2002,"05/17/2022",5,32.5,32.2,32.2,NA,"N","lg",183.85,NA,"colony overtaken by ants, ant sample taken","/01/2002",32.3,"may22","Ami","MD10-5",472.579406062793,472579.406062793,-42.5328693896486,-9.00015295715132e-05,0.996208989463486,0.514177942235109,3.48660559691671e-113,4.33509567854274e-16,NA,NA,"A. laurensis"
"14","MD10",334.431539351852,"2023-09-28 15:01:00",334.432581018519,"f0019","s","1","12/01/2002",12,2002,"05/17/2022",6,34.7,34.6,33.5,NA,"N","lg",183.85,NA,"colony overtaken by ants, ant sample taken","/01/2002",34.2666666666667,"may22","Ami","MD10-6",498.02867374863,498028.67374863,13.8969738645423,2.79039633600625e-05,0.999129984166973,0.155167653395709,4.67624027635927e-141,9.36168489777052e-05,NA,NA,"A. laurensis"
"15","MD10",334.433969907407,"2023-09-28 15:01:00",334.435011574074,"f0019","s","2","12/01/2002",12,2002,"05/17/2022",7,30.2,30.8,31.3,NA,"N","lg",183.85,NA,"colony overtaken by ants, ant sample taken","/01/2002",30.7666666666667,"may22","Ami","MD10-7",341.801231120746,341801.231120746,-34.0787843971658,-9.97035156527186e-05,0.99683570556516,0.408418287195387,1.52931882853849e-115,5.44276888440201e-12,NA,NA,"A. laurensis"
"21","MD11",365.433506944444,"2023-09-28 15:54:00",365.434548611111,"f0020","s","0","1/01/2003",1,2003,"05/17/2022",6,30.9,30.5,30.5,NA,"N","lg",183.85,NA,"Extender","/01/2003",30.6333333333333,"may22","Nasuti","MD11-6",540.373160415912,540373.160415912,19.4559484731048,3.60046536325565e-05,0.994730441467125,0.146748519578679,1.32313318033591e-106,0.000138502606168095,NA,NA,"N. magnus"
"22","MD11",365.435648148148,"2023-09-28 15:54:00",365.436689814815,"f0020","s","1","1/01/2003",1,2003,"05/17/2022",7,31.5,32.2,32.6,NA,"N","lg",183.85,NA,"Extender","/01/2003",32.1,"may22","Nasuti","MD11-7",334.504230317824,334504.230317824,-3.97308622158682,-1.18775365495732e-05,0.997864008828046,0.0103991912151494,2.62093185004005e-123,0.330720780458711,NA,NA,"N. magnus"
"23","MD11",365.437847222222,"2023-09-28 15:54:00",365.438888888889,"f0020","s","2","1/01/2003",1,2003,"05/17/2022",8,31.7,33.1,32.3,NA,"N","lg",183.85,NA,"Extender","/01/2003",32.3666666666667,"may22","Nasuti","MD11-8",437.35113982522,437351.13982522,-37.1435782680128,-8.49285045486714e-05,0.999227643957481,0.551173370537032,2.07533831431711e-143,1.64601761174421e-17,NA,NA,"N. magnus"
"29","MD12",396.432986111111,"2023-09-28 08:47:00",396.434027777778,"f0022","s","0","2/01/2003",2,2003,"05/18/2022",6,28.9,26.9,26.9,NA,"N","lg",183.85,NA,"Extender","/01/2003",27.5666666666667,"may22","Copto","MD12-6",1128.63087468797,1128630.87468797,-38.118493835517,-3.37741016043492e-05,0.997383154813528,0.592370034449247,1.37155202208591e-120,1.26382157094203e-19,NA,NA,"C. acinaciformis"
"30","MD12",396.435011574074,"2023-09-28 08:47:00",396.436053240741,"f0022","s","1","2/01/2003",2,2003,"05/18/2022",7,27.7,27.9,28,NA,"N","lg",183.85,NA,"Extender","/01/2003",27.8666666666667,"may22","Copto","MD12-7",430.168541193672,430168.541193672,-74.4252403882827,-0.000173014140415198,0.998272536056957,0.796092468455928,1.67379678993906e-127,3.53809906167579e-33,NA,NA,"C. acinaciformis"
"31","MD12",396.437152777778,"2023-09-28 08:47:00",396.438194444444,"f0022","s","2","2/01/2003",2,2003,"05/18/2022",8,26.2,26.1,26.5,NA,"N","lg",183.85,NA,"Extender","/01/2003",26.2666666666667,"may22","Copto","MD12-8",395.08071332719,395080.71332719,-70.4350482331157,-0.000178280148478886,0.998372322028584,0.654774301693763,1.11670510452502e-128,9.87286664868617e-23,NA,NA,"C. acinaciformis"
"37","MD13",424.432638888889,"2023-09-28 09:49:00",424.433680555556,"f0023","s","0","3/01/2003",3,2003,"05/18/2022",6,31.1,29.6,29.5,NA,"N","lg",183.85,NA,"","/01/2003",30.0666666666667,"may22","Copto","MD13-6",852.331197762368,852331.197762368,96.3488790629282,0.000113041596172795,0.997222621990861,0.913990790479325,4.04770977358587e-118,2.89809425008097e-50,NA,NA,"C. acinaciformis"
"38","MD13",424.434548611111,"2023-09-28 09:49:00",424.435590277778,"f0023","s","1","3/01/2003",3,2003,"05/18/2022",7,29.6,29.7,29.9,NA,"N","lg",183.85,NA,"","/01/2003",29.7333333333333,"may22","Copto","MD13-7",553.757768639212,553757.768639212,-50.5940083416053,-9.13648732476179e-05,0.998856791147665,0.724161397212834,3.91638828593786e-137,1.80857941487391e-27,NA,NA,"C. acinaciformis"
"39","MD13",424.436458333333,"2023-09-28 09:49:00",424.4375,"f0023","s","2","3/01/2003",3,2003,"05/18/2022",8,28.5,28.3,28.6,NA,"N","lg",183.85,NA,"","/01/2003",28.4666666666667,"may22","Copto","MD13-8",498.424965669731,498424.965669731,-33.2664761918992,-6.67431980402491e-05,0.999071346605232,0.469207476236436,2.75633124160638e-141,2.6585383470318e-14,NA,NA,"C. acinaciformis"
"45","MD14",455.435532407407,"2023-09-28 10:43:00",455.436574074074,"f0025","s","0","4/01/2003",4,2003,"05/18/2022",6,41.3,42.5,42.7,NA,"N","lg",183.85,NA,"Extender, accidentally put a worker from mound 16 into this mound 14. both are suspected to be coptotermes","/01/2003",42.1666666666667,"may22","Copto","MD14-6",1545.9965324611,1545996.5324611,-49.1799365706121,-3.18111558066186e-05,0.997258401141224,0.772923283986553,2.24381743325963e-118,4.80452056525489e-31,NA,NA,"C. acinaciformis"
"46","MD14",455.43755787037,"2023-09-28 10:43:00",455.438599537037,"f0025","s","1","4/01/2003",4,2003,"05/18/2022",7,35.6,34.8,34.9,NA,"N","lg",183.85,NA,"Extender, accidentally put a worker from mound 16 into this mound 14. both are suspected to be coptotermes","/01/2003",35.1,"may22","Copto","MD14-7",715.612629932727,715612.629932727,-58.9139579500765,-8.2326604486585e-05,0.976397695248436,0.777278418032166,7.86549227975718e-76,1.9851555797068e-31,NA,NA,"C. acinaciformis"
"47","MD14",455.439641203704,"2023-09-28 10:43:00",455.44068287037,"f0025","s","2","4/01/2003",4,2003,"05/18/2022",8,33.5,33.4,33.7,NA,"N","lg",183.85,NA,"Extender, accidentally put a worker from mound 16 into this mound 14. both are suspected to be coptotermes","/01/2003",33.5333333333333,"may22","Copto","MD14-8",637.909969900532,637909.969900532,-67.6239693355655,-0.000106008641542489,0.996333370929945,0.805249760563879,1.24782654069459e-112,4.34898241967349e-34,NA,NA,"C. acinaciformis"
"50","MD15",485.385185185185,"2023-09-28 12:07:00",485.386226851852,"f0026","s","0","5/01/2003",5,2003,"05/18/2022",3,37.3,35.6,35.8,NA,"N","lg",183.85,NA,"","/01/2003",36.2333333333333,"may22","Ami","MD15-3",456.809173839164,456809.173839164,-68.2900173364823,-0.000149493533071046,0.998883773098456,0.897755958094283,3.9282728221894e-136,7.63213953871967e-47,NA,NA,"A. laurensis"
"51","MD15",485.387210648148,"2023-09-28 12:07:00",485.388252314815,"f0026","s","1","5/01/2003",5,2003,"05/18/2022",4,38.2,39.5,39.1,NA,"N","lg",183.85,NA,"","/01/2003",38.9333333333333,"may22","Ami","MD15-4",293.042631149578,293042.631149578,-51.6201309204147,-0.000176152291282377,0.998797140563646,0.818734830200145,1.17830853525387e-134,1.64789738766238e-35,NA,NA,"A. laurensis"
"52","MD15",485.389236111111,"2023-09-28 12:07:00",485.390277777778,"f0026","s","2","5/01/2003",5,2003,"05/18/2022",5,39.1,39.4,39,NA,"N","lg",183.85,NA,"","/01/2003",39.1666666666667,"may22","Ami","MD15-5",320.538098621659,320538.098621659,-61.9071589325319,-0.00019313510374816,0.998780379417892,0.859814604342782,2.21162484084632e-134,1.34351285754845e-40,NA,NA,"A. laurensis"
"58","MD16",516.392824074074,NA,516.393865740741,"f0027","s","0","6/01/2003",6,2003,"05/18/2022",6,37.4,36.7,36.9,NA,"N","lg",183.85,NA,"Extender","/01/2003",37,"may22","Copto","MD16-6",1988.13002016257,1988130.02016257,143.776569366349,7.23174882468664e-05,0.999200428467561,0.965715802132103,1.00323907855784e-142,1.88543971328921e-68,NA,NA,"C. acinaciformis"
"59","MD16",516.394907407407,NA,516.395949074074,"f0027","s","1","6/01/2003",6,2003,"05/18/2022",7,35.6,34.7,34.2,NA,"N","lg",183.85,NA,"Extender","/01/2003",34.8333333333333,"may22","Copto","MD16-7",1048.43227385812,1048432.27385812,34.7342855434037,3.31297370459469e-05,0.996905112036734,0.657906372344718,5.57479969479474e-116,6.50646464232938e-23,NA,NA,"C. acinaciformis"
"60","MD16",516.396875,NA,516.397916666667,"f0027","s","2","6/01/2003",6,2003,"05/18/2022",8,38.2,41,40.9,NA,"N","lg",183.85,NA,"Extender","/01/2003",40.0333333333333,"may22","Copto","MD16-8",456.83433371582,456834.33371582,-54.9799718463057,-0.000120349911967227,0.998782141072921,0.843204890744414,2.07084675875827e-134,2.21322131013425e-38,NA,NA,"C. acinaciformis"
"66","MD2",59.4313657407407,"2023-09-28 14:07:00",59.4324074074074,"f0009","s","0","3/01/2002",3,2002,"05/16/2022",6,39,37.7,37.3,NA,"N","lg",183.85,NA,"","/01/2002",38,"may22","Copto","MD2-6",920.501613488953,920501.613488953,238.024789274897,0.000258581610055759,0.999624750685895,0.985283606141329,1.12943643093865e-157,3.62526479379714e-85,NA,NA,"C. acinaciformis"
"67","MD2",59.433912037037,"2023-09-28 14:07:00",59.4349537037037,"f0009","s","1","3/01/2002",3,2002,"05/16/2022",7,34.8,34.8,34.9,NA,"N","lg",183.85,NA,"","/01/2002",34.8333333333333,"may22","Copto","MD2-7",409.379134905946,409379.134905946,-5.43794226817383,-1.32833889285129e-05,0.998913116441597,0.0349444016417183,1.16891976798415e-136,0.072781528810818,NA,NA,"C. acinaciformis"
"68","MD2",59.4369212962963,"2023-09-28 14:07:00",59.437962962963,"f0009","s","2","3/01/2002",3,2002,"05/16/2022",8,35.6,35.8,35.7,NA,"N","lg",183.85,NA,"","/01/2002",35.7,"may22","Copto","MD2-8",409.33983579335,409339.83579335,84.7887045079538,0.000207135238483748,0.998993553782325,0.909357461924597,1.11544032589014e-139,9.46921587136669e-50,NA,NA,"C. acinaciformis"
"72","MD21",669.428125,"2023-09-28 09:42:00",669.429166666667,"f0034","s","0","11/01/2003",11,2003,"05/19/2022",4,30.8,29.2,29.2,NA,"N","lg",183.85,NA,"","/01/2003",29.7333333333333,"may22","Ami","MD21-4",279.599007956398,279599.007956398,-8.65223592318014,-3.09451595927315e-05,0.99845546401259,0.0839814058002829,1.02769713104264e-129,0.00483811946889128,NA,NA,"A. laurensis"
"73","MD21",669.429976851852,"2023-09-28 09:42:00",669.431018518518,"f0034","s","1","11/01/2003",11,2003,"05/19/2022",5,28.3,28.9,28.9,NA,"N","lg",183.85,NA,"","/01/2003",28.7,"may22","Ami","MD21-5",253.500143830318,253500.143830318,-7.87241108364009,-3.10548584497433e-05,0.997530513984601,0.0767104398670252,1.92908162210307e-120,0.007195945163612,NA,NA,"A. laurensis"
"74","MD21",669.431944444444,"2023-09-28 09:42:00",669.432986111111,"f0034","s","2","11/01/2003",11,2003,"05/19/2022",6,28.3,28.9,29.2,NA,"N","lg",183.85,NA,"","/01/2003",28.8,"may22","Ami","MD21-6",231.853211334566,231853.211334566,-13.8679350565908,-5.9813426679604e-05,0.998227306801667,0.0859778124971452,5.42539136985283e-127,0.00433841390957336,NA,NA,"A. laurensis"
"77","MD22",699.427488425926,"2023-09-28 10:27:00",699.428530092593,"f0035","s","0","12/01/2003",12,2003,"05/19/2022",3,31,30.3,30.1,NA,"N","lg",183.85,NA,"","/01/2003",30.4666666666667,"may22","Ami","MD22-3",267.391251642741,267391.251642741,78.4178359269406,0.000293270013305125,0.989953650176917,0.880270990499992,1.03454398448403e-92,1.01474610721727e-43,NA,NA,"A. laurensis"
"78","MD22",699.42962962963,"2023-09-28 10:27:00",699.430671296296,"f0035","s","1","12/01/2003",12,2003,"05/19/2022",4,29.8,30.1,30.3,NA,"N","lg",183.85,NA,"","/01/2003",30.0666666666667,"may22","Ami","MD22-4",128.319477244505,128319.477244505,-37.6895046100381,-0.000293716163901003,0.99568494441951,0.635448795696606,2.06075326481424e-109,1.19415182113851e-21,NA,NA,"A. laurensis"
"79","MD22",699.431712962963,"2023-09-28 10:27:00",699.43275462963,"f0035","s","2","12/01/2003",12,2003,"05/19/2022",5,29.9,31,31.3,NA,"N","lg",183.85,NA,"","/01/2003",30.7333333333333,"may22","Ami","MD22-5",161.677610477122,161677.610477122,3.0475889868756,1.88497898866884e-05,0.996580037161621,0.00700828777823578,5.24719574061149e-114,0.42498295277983,NA,NA,"A. laurensis"
"84","MD23",730.430787037037,"2023-09-28 11:01:00",730.431828703704,"f0036","s","0","1/01/2004",1,2004,"05/19/2022",5,32.9,31.7,31.5,NA,"N","lg",183.85,NA,"","/01/2004",32.0333333333333,"may22","Ami","MD23-5",253.739755049671,253739.755049671,112.023464040069,0.00044148960425275,0.997045009532674,0.942249424091092,6.79449029623101e-117,3.8429976080672e-58,NA,NA,"A. laurensis"
"85","MD23",730.432696759259,"2023-09-28 11:01:00",730.433738425926,"f0036","s","1","1/01/2004",1,2004,"05/19/2022",6,30.7,31.7,31.8,NA,"N","lg",183.85,NA,"","/01/2004",31.4,"may22","Ami","MD23-6",158.92722871198,158927.22871198,-17.2628390850418,-0.000108621028787501,0.995580929734907,0.303751032912482,6.09148998965723e-109,1.03664371502424e-08,NA,NA,"A. laurensis"
"86","MD23",730.434722222222,"2023-09-28 11:01:00",730.435763888889,"f0036","s","2","1/01/2004",1,2004,"05/19/2022",7,31.1,31.5,31.4,NA,"N","lg",183.85,NA,"","/01/2004",31.3333333333333,"may22","Ami","MD23-7",129.084898822746,129084.898822746,-42.9493793550463,-0.000332721950799393,0.99031660761753,0.810479313160821,1.9388589752685e-93,1.25645291835353e-34,NA,NA,"A. laurensis"
"91","MD24",761.431597222222,"2023-09-28 12:13:00",761.432638888889,"f0037","s","0","2/01/2004",2,2004,"05/19/2022",5,35.1,33.7,33.4,NA,"N","lg",183.85,NA,"","/01/2004",34.0666666666667,"may22","Ami","MD24-5",322.272199869951,322272.199869951,-14.3162955292039,-4.44229925354438e-05,0.99823654760471,0.236648905069002,4.27712038473467e-127,7.65897643738171e-07,NA,NA,"A. laurensis"
"92","MD24",761.433912037037,"2023-09-28 12:13:00",761.434953703704,"f0037","s","1","2/01/2004",2,2004,"05/19/2022",6,33.3,33.5,33.5,NA,"N","lg",183.85,NA,"","/01/2004",33.4333333333333,"may22","Ami","MD24-6",165.38698814983,165386.98814983,1.99748325685361,1.20776324618961e-05,0.994015722763331,0.00650776419061577,5.97770004210492e-103,0.442075866447383,NA,NA,"A. laurensis"
"93","MD24",761.4359375,"2023-09-28 12:13:00",761.436979166667,"f0037","s","2","2/01/2004",2,2004,"05/19/2022",7,33.3,33.8,33.9,NA,"N","lg",183.85,NA,"","/01/2004",33.6666666666667,"may22","Ami","MD24-7",128.275290528403,128275.290528403,-34.8712436606449,-0.000271846927939124,0.99407565091392,0.655582395410084,3.78127176285931e-103,8.86901205548862e-23,NA,NA,"A. laurensis"
"99","MD25",790.43275462963,"2023-09-28 14:22:00",790.433796296296,"f0038","s","0","3/01/2004",3,2004,"05/19/2022",6,38.9,40.3,40.6,NA,"N","lg",183.85,NA,"Extender","/01/2004",39.9333333333333,"may22","Nasuti","MD25-6",232.171895866014,232171.895866014,166.848749393071,0.000718643179316411,0.997681460261011,0.967874718307374,1.09390906186205e-121,9.76557477401828e-70,NA,NA,"N. magnus"
"100","MD25",790.434606481482,"2023-09-28 14:22:00",790.435648148148,"f0038","s","1","3/01/2004",3,2004,"05/19/2022",7,36.7,37.4,37.3,NA,"N","lg",183.85,NA,"Extender","/01/2004",37.1333333333333,"may22","Nasuti","MD25-7",290.619113748343,290619.113748343,-19.9036009689615,-6.84868958281825e-05,0.997788189538778,0.381397605358632,1.28152342093618e-122,4.29031258888873e-11,NA,NA,"N. magnus"
"101","MD25",790.436689814815,"2023-09-28 14:22:00",790.437731481481,"f0038","s","2","3/01/2004",3,2004,"05/19/2022",8,36,36.8,36.7,NA,"N","lg",183.85,NA,"Extender","/01/2004",36.5,"may22","Nasuti","MD25-8",476.170613963078,476170.613963078,5.38986713168465,1.13191931077515e-05,0.99922596336946,0.0485959306000876,2.29107694673157e-143,0.0337256620872928,NA,NA,"N. magnus"
"107","MD26",821.433043981481,"2023-09-28 15:16:00",821.434085648148,"f0039","s","0","4/01/2004",4,2004,"05/19/2022",6,37.4,38.1,37.8,NA,"N","lg",183.85,NA,"Extender","/01/2004",37.7666666666667,"may22","Copto","MD26-6",600.071079880235,600071.079880235,54.5597222857632,9.09220992563956e-05,0.999072951662639,0.800900749230719,8.40584928937633e-140,1.19110889726811e-33,NA,NA,"C. acinaciformis"
"108","MD26",821.435185185185,"2023-09-28 15:16:00",821.436226851852,"f0039","s","1","4/01/2004",4,2004,"05/19/2022",7,35,34.5,34.3,NA,"N","lg",183.85,NA,"Extender","/01/2004",34.6,"may22","Copto","MD26-7",350.404073347922,350404.073347922,-43.9097476795097,-0.000125311750117445,0.994005818385879,0.578740362748065,6.44486726795167e-103,8.98806009283582e-19,NA,NA,"C. acinaciformis"
"109","MD26",821.437152777778,"2023-09-28 15:16:00",821.438194444444,"f0039","s","2","4/01/2004",4,2004,"05/19/2022",8,33.9,33.9,33.9,NA,"N","lg",183.85,NA,"Extender","/01/2004",33.9,"may22","Copto","MD26-8",270.740225940785,270740.225940785,0.560788063401985,2.07131415899992e-06,0.99633973043294,0.000397773480165344,1.15305526454703e-112,0.849502653052556,NA,NA,"C. acinaciformis"
"115","MD27",851.391956018518,"2023-09-28 16:31:00",851.392997685185,"f0040","s","0","5/01/2004",5,2004,"05/19/2022",6,30.2,28.2,28.1,NA,"N","lg",183.85,NA,"Extender","/01/2004",28.8333333333333,"may22","Copto","MD27-6",642.14957934374,642149.57934374,21.9761211519135,3.42227447604537e-05,0.9919169854582,0.357003728996058,5.21841301540957e-97,2.57234107494195e-10,NA,NA,"C. acinaciformis"
"116","MD27",851.39380787037,"2023-09-28 16:31:00",851.394849537037,"f0040","s","1","5/01/2004",5,2004,"05/19/2022",7,28.1,28.3,28.6,NA,"N","lg",183.85,NA,"Extender","/01/2004",28.3333333333333,"may22","Copto","MD27-7",445.997257844703,445997.257844703,158.284684227666,0.000354900577175255,0.990284652137207,0.956368191307797,2.20813198879065e-94,2.28713016568073e-64,NA,NA,"C. acinaciformis"
"117","MD27",851.395717592593,"2023-09-28 16:31:00",851.396759259259,"f0040","s","2","5/01/2004",5,2004,"05/19/2022",8,27.9,28.2,28.3,NA,"N","lg",183.85,NA,"Extender, soil measurement taken on dirt road ","/01/2004",28.1333333333333,"may22","Copto","MD27-8",173.742576949067,173742.576949067,25.0197271722496,0.000144004582017822,0.997632217103593,0.450783226402104,2.84633135726212e-121,1.76630920099953e-13,NA,NA,"C. acinaciformis"
"123","MD28",882.38900462963,"2023-09-28 08:09:00",882.390046296296,"f0042","s","0","6/01/2004",6,2004,"05/20/2022",6,28.7,27.6,27.3,NA,"N","lg",183.85,NA,"Extender","/01/2004",27.8666666666667,"may22","Copto","MD28-6",427.71854438382,427718.54438382,-40.4887010685955,-9.46620192185596e-05,0.991819034618236,0.445084927971619,9.02773477784197e-97,2.84229086199841e-13,NA,NA,"C. acinaciformis"
"124","MD28",882.390972222222,"2023-09-28 08:09:00",882.392013888889,"f0042","s","1","6/01/2004",6,2004,"05/20/2022",7,27,27.1,27.2,NA,"N","lg",183.85,NA,"Extender","/01/2004",27.1,"may22","Copto","MD28-7",460.572235203655,460572.235203655,44.0646866985811,9.56737799861007e-05,0.998108410775252,0.456831724918455,1.04051751614301e-125,1.06041083704678e-13,NA,NA,"C. acinaciformis"
"125","MD28",882.393113425926,"2023-09-28 08:09:00",882.394155092593,"f0042","s","2","6/01/2004",6,2004,"05/20/2022",8,27.4,28.1,28.2,NA,"N","lg",183.85,NA,"Extender","/01/2004",27.9,"may22","Copto","MD28-8",406.319795445111,406319.795445111,-36.9958286865069,-9.10510122844965e-05,0.994915150926627,0.513795505375543,3.6137776688888e-106,6.48305663393916e-16,NA,NA,"C. acinaciformis"
"131","MD29",912.394270833333,"2023-09-28 08:59:00",912.3953125,"f0043","s","0","7/01/2004",7,2004,"05/20/2022",6,25,24.4,24.4,NA,"N","lg",183.85,NA,"Extender","/01/2004",24.6,"may22","Copto","MD29-6",697.471842906629,697471.842906629,-30.5225928464521,-4.37617563445327e-05,0.991982782595263,0.453219498620719,3.59760128790981e-97,1.43912511505098e-13,NA,NA,"C. acinaciformis"
"132","MD29",912.396180555556,"2023-09-28 08:59:00",912.397222222222,"f0043","s","1","7/01/2004",7,2004,"05/20/2022",7,24.3,24.9,24.9,NA,"N","lg",183.85,NA,"Extender","/01/2004",24.7,"may22","Copto","MD29-7",396.901243172211,396901.243172211,-32.5140629159786,-8.19197809916436e-05,0.994068340440308,0.398840540303886,3.99952279708111e-103,1.1430821065745e-11,NA,NA,"C. acinaciformis"
"133","MD29",912.398263888889,"2023-09-28 08:59:00",912.399305555556,"f0043","s","2","7/01/2004",7,2004,"05/20/2022",8,24.1,24.9,25.3,NA,"N","lg",183.85,NA,"Extender","/01/2004",24.7666666666667,"may22","Copto","MD29-8",254.816256846611,254816.256846611,-29.0248992560162,-0.000113905210033314,0.996602718160504,0.403849693655549,3.87646708403097e-114,7.76531560486167e-12,NA,NA,"C. acinaciformis"
"138","MD3",90.4303240740741,"2023-09-28 15:23:00",90.4313657407407,"f0010","s","0","4/01/2002",4,2002,"05/16/2022",5,32.4,30.1,29.8,NA,"N","lg",183.85,NA,"","/01/2002",30.7666666666667,"may22","Ami","MD3-5",490.950625702315,490950.625702315,4.81766283109125,9.8129273675932e-06,0.997669428416688,0.0352455066002111,1.38440564463035e-121,0.0715372906920628,NA,NA,"A. laurensis"
"139","MD3",90.4328703703704,"2023-09-28 15:23:00",90.433912037037,"f0010","s","1","4/01/2002",4,2002,"05/16/2022",6,30.4,30.8,31,NA,"N","lg",183.85,NA,"","/01/2002",30.7333333333333,"may22","Ami","MD3-6",536.656478789219,536656.478789219,7.94060150524811,1.47964327630281e-05,0.99969680306751,0.0766809891322524,6.91463479180988e-162,0.00720752744700439,NA,NA,"A. laurensis"
"140","MD3",90.4350115740741,"2023-09-28 15:23:00",90.4360532407407,"f0010","s","2","4/01/2002",4,2002,"05/16/2022",7,29.9,30,30.2,NA,"N","lg",183.85,NA,"","/01/2002",30.0333333333333,"may22","Ami","MD3-7",635.94093723886,635940.93723886,4.33334459275498,6.81406768931966e-06,0.999346735426545,0.0256606122417831,1.0184025804233e-146,0.125069045053079,NA,NA,"A. laurensis"
"146","MD30",943.390625,"2023-09-28 10:03:00",943.391666666667,"f0044","s","0","8/01/2004",8,2004,"05/20/2022",6,35.9,36.2,36.1,NA,"N","lg",183.85,NA,"Extender, cohabitated by nasutes and coptos (both soldiers found and sampled)","/01/2004",36.0666666666667,"may22","Copto","MD30-6",558.959795062946,558959.795062946,94.869443588001,0.00016972498635133,0.996831090138454,0.639468035104911,1.63418212271119e-115,7.18891937370364e-22,NA,NA,"C. acinaciformis"
"147","MD30",943.392592592593,"2023-09-28 10:03:00",943.393634259259,"f0044","s","1","8/01/2004",8,2004,"05/20/2022",7,35.5,36.6,36.3,NA,"N","lg",183.85,NA,"Extender, cohabitated by nasutes and coptos (both soldiers found and sampled)","/01/2004",36.1333333333333,"may22","Copto","MD30-7",584.375813656154,584375.813656154,120.428700796125,0.000206080912285985,0.998893708756295,0.714301666228333,2.61530637728152e-136,1.72281060249695e-26,NA,NA,"C. acinaciformis"
"148","MD30",943.394560185185,"2023-09-28 10:03:00",943.395601851852,"f0044","s","2","8/01/2004",8,2004,"05/20/2022",8,32.4,33.9,34,NA,"N","lg",183.85,NA,"Extender, cohabitated by nasutes and coptos (both soldiers found and sampled)","/01/2004",33.4333333333333,"may22","Copto","MD30-8",312.028188488779,312028.188488779,-24.1437291940917,-7.7376756603386e-05,0.998819230726926,0.108689486252368,5.06975257051152e-135,0.00125073128134926,NA,NA,"C. acinaciformis"
"152","MD31",974.38587962963,"2023-09-28 11:33:00",974.386921296296,"f0045","s","0","9/01/2004",9,2004,"05/20/2022",4,36.7,35.9,36,NA,"N","lg",183.85,NA,"","/01/2004",36.2,"may22","Nasuti","MD31-4",585.646881586414,585646.881586414,12.1390055243682,2.07275167102159e-05,0.997400751971324,0.0290230143523011,1.00557486231749e-120,0.100664671141964,NA,NA,"N. magnus"
"153","MD31",974.388310185185,"2023-09-28 11:33:00",974.389351851852,"f0045","s","1","9/01/2004",9,2004,"05/20/2022",5,37.3,37.7,37.3,NA,"N","lg",183.85,NA,"","/01/2004",37.4333333333333,"may22","Nasuti","MD31-5",425.674929734313,425674.929734313,-20.3426935566277,-4.77892686076784e-05,0.999151938656073,0.164100137802637,4.23351060344994e-143,5.12140220237918e-05,NA,NA,"N. magnus"
"154","MD31",974.390277777778,"2023-09-28 11:33:00",974.391319444444,"f0045","s","2","9/01/2004",9,2004,"05/20/2022",6,37.8,38.2,38,NA,"N","lg",183.85,NA,"","/01/2004",38,"may22","Nasuti","MD31-6",495.45117893154,495451.17893154,-9.55315168036797,-1.92817215633026e-05,0.998105307316993,0.0261719469021464,4.85347566146496e-127,0.119284244468908,NA,NA,"N. magnus"
"160","MD32",1004.38767361111,"2023-09-28 12:30:00",1004.38871527778,"f0046","s","0","10/01/2004",10,2004,"05/20/2022",6,27.4,27.2,27.1,NA,"N","lg",183.85,NA,"Extender","/01/2004",27.2333333333333,"may22","Nasuti","MD32-6",355.71516088642,355715.16088642,-9.39558671188424,-2.64132309920978e-05,0.998931617597799,0.0971065847813241,5.35204097079113e-137,0.00236110908494087,NA,NA,"N. magnus"
"161","MD32",1004.38958333333,"2023-09-28 12:30:00",1004.390625,"f0046","s","1","10/01/2004",10,2004,"05/20/2022",7,27,27.3,27.3,NA,"N","lg",183.85,NA,"Extender","/01/2004",27.2,"may22","Nasuti","MD32-7",340.788692870135,340788.692870135,-33.0178700636254,-9.6886636072188e-05,0.998246702505703,0.559417506155773,3.28873955114984e-127,7.03060528930676e-18,NA,NA,"N. magnus"
"162","MD32",1004.39155092593,"2023-09-28 12:30:00",1004.39259259259,"f0046","s","2","10/01/2004",10,2004,"05/20/2022",8,26.7,27.2,27.5,NA,"N","lg",183.85,NA,"Extender","/01/2004",27.1333333333333,"may22","Nasuti","MD32-8",393.613572074678,393613.572074678,-44.1878172144804,-0.000112261924764365,0.998855619274109,0.644656086837722,1.22019401367413e-135,3.70295467591079e-22,NA,NA,"N. magnus"
"166","MD33",1035.42569444444,"2023-09-28 14:06:00",1035.42673611111,"f0047","s","0","11/01/2004",11,2004,"05/20/2022",4,27.3,27.4,27.8,NA,"N","lg",183.85,NA,"","/01/2004",27.5,"may22","Copto","MD33-4",555.704148807229,555704.148807229,30.571483908789,5.50139565709705e-05,0.998678924208369,0.606808097108432,3.03265318435362e-134,2.37796463474922e-20,NA,NA,"C. acinaciformis"
"167","MD33",1035.42748842593,"2023-09-28 14:06:00",1035.42853009259,"f0047","s","1","11/01/2004",11,2004,"05/20/2022",5,26.5,27.3,27.5,NA,"N","lg",183.85,NA,"","/01/2004",27.1,"may22","Copto","MD33-5",580.457408460309,580457.408460309,-26.7772682161892,-4.61313230323258e-05,0.990216193506134,0.528175189332179,3.10043416679604e-93,1.63224137544102e-16,NA,NA,"C. acinaciformis"
"168","MD33",1035.42962962963,"2023-09-28 14:06:00",1035.4306712963,"f0047","s","2","11/01/2004",11,2004,"05/20/2022",6,26.8,27.8,28.2,NA,"N","lg",183.85,NA,"","/01/2004",27.6,"may22","Copto","MD33-6",570.425701251479,570425.701251479,-30.8288159039859,-5.4045278528561e-05,0.998801194058223,0.520978877820897,3.47992388747975e-136,2.25226421582572e-16,NA,NA,"C. acinaciformis"
"175","MD35",1096.43483796296,"2023-09-28 11:07:00",1096.43587962963,"f0050","s","0","1/01/2005",1,2005,"05/23/2022",6,31.2,30.3,30.1,NA,"N","lg",183.85,NA,"Extender","/01/2005",30.5333333333333,"may22","Copto","MD35-6",1056.35485220552,1056354.85220552,-61.8281461864025,-5.85297128680898e-05,0.99845933224198,0.801496922762509,9.16881281905334e-130,1.03880919969057e-33,NA,NA,"C. acinaciformis"
"176","MD35",1096.43680555556,"2023-09-28 11:07:00",1096.43784722222,"f0050","s","1","1/01/2005",1,2005,"05/23/2022",7,33.5,34.6,34.2,NA,"N","lg",183.85,NA,"Extender, onto road","/01/2005",34.1,"may22","Copto","MD35-7",346.692869266406,346692.869266406,-13.5690520870574,-3.91385381411772e-05,0.998404095576287,0.163293034330866,4.55384879053294e-129,5.89516595589044e-05,NA,NA,"C. acinaciformis"
"177","MD35",1096.4390625,"2023-09-28 11:07:00",1096.44010416667,"f0050","s","2","1/01/2005",1,2005,"05/23/2022",8,31.5,31.9,32.1,NA,"N","lg",183.85,NA,"Extender, onto road","/01/2005",31.8333333333333,"may22","Copto","MD35-8",715.060855918165,715060.855918165,-44.9364697090905,-6.28428606281215e-05,0.998935093692706,0.658745504699226,1.49767241506242e-138,3.37870793364144e-23,NA,NA,"C. acinaciformis"
"181","MD36",1127.42719907407,"2023-09-28 13:30:00",1127.42824074074,"f0051","s","0","2/01/2005",2,2005,"05/23/2022",4,41.4,42.2,42.3,NA,"N","lg",183.85,NA,"","/01/2005",41.9666666666667,"may22","Ami","MD36-4",275.242433556914,275242.433556914,22.2334265967048,8.07776123375519e-05,0.99687645523071,0.394652950467776,8.4793568934888e-116,1.57552368652437e-11,NA,NA,"A. laurensis"
"182","MD36",1127.42962962963,"2023-09-28 13:30:00",1127.4306712963,"f0051","s","1","2/01/2005",2,2005,"05/23/2022",5,46,46.3,46.4,NA,"N","lg",183.85,NA,"","/01/2005",46.2333333333333,"may22","Ami","MD36-5",262.247686381803,262247.686381803,28.9050020347533,0.000110220236576924,0.997853590133512,0.530496567550496,3.27045866491771e-123,1.30139151166927e-16,NA,NA,"A. laurensis"
"183","MD36",1127.43159722222,"2023-09-28 13:30:00",1127.43263888889,"f0051","s","2","2/01/2005",2,2005,"05/23/2022",6,44,44.3,43.7,NA,"N","lg",183.85,NA,"","/01/2005",44,"may22","Ami","MD36-6",202.053036613847,202053.036613847,10.9385958272195,5.41372503503858e-05,0.994366764548868,0.128327455429926,3.81866130799539e-104,0.000422406753343603,NA,NA,"A. laurensis"
"188","MD37",1155.43159722222,"2023-09-28 14:25:00",1155.43263888889,"f0052","s","0","3/01/2005",3,2005,"05/23/2022",5,43.3,43.2,43.7,NA,"N","lg",183.85,NA,"","/01/2005",43.4,"may22","Ami","MD37-5",240.7042043887,240704.2043887,79.0286052524462,0.000328322496290207,0.989129073755459,0.838223812453973,3.74693767832389e-91,9.21008543518072e-38,NA,NA,"A. laurensis"
"189","MD37",1155.43396990741,"2023-09-28 14:25:00",1155.43501157407,"f0052","s","1","3/01/2005",3,2005,"05/23/2022",6,42.1,42.1,41.3,NA,"N","lg",183.85,NA,"","/01/2005",41.8333333333333,"may22","Ami","MD37-6",292.378477967173,292378.477967173,11.5593846979923,3.95356894199652e-05,0.995243480821151,0.246661731752368,1.18900827164227e-108,3.55812994812407e-07,NA,NA,"A. laurensis"
"190","MD37",1155.43645833333,"2023-09-28 14:25:00",1155.4375,"f0052","s","2","3/01/2005",3,2005,"05/23/2022",7,41.1,41.5,41.5,NA,"N","lg",183.85,NA,"","/01/2005",41.3666666666667,"may22","Ami","MD37-7",215.828084846777,215828.084846777,153.441389533725,0.000710942645127291,0.998407611920553,0.977251043891904,1.63476349882466e-130,2.20791939154744e-77,NA,NA,"A. laurensis"
"195","MD38",1186.43287037037,"2023-09-28 15:57:00",1186.43391203704,"f0053","s","0","4/01/2005",4,2005,"05/23/2022",6,35.3,34.5,34.6,NA,"N","lg",183.85,NA,"Extender","/01/2005",34.8,"may22","Nasuti","MD38-6",368.89208683629,368892.08683629,414.695046165492,0.00112416357239327,0.997953052158425,0.992996899816106,3.77589553659232e-124,7.64592149652398e-100,NA,NA,"N. magnus"
"196","MD38",1186.43483796296,"2023-09-28 15:57:00",1186.43587962963,"f0053","s","1","4/01/2005",4,2005,"05/23/2022",7,36.9,36.8,37.5,NA,"N","lg",183.85,NA,"Extender","/01/2005",37.0666666666667,"may22","Nasuti","MD38-7",223.729739828982,223729.739828982,99.9742238454094,0.000446852635335067,0.99693042763676,0.917727860914134,3.83639070517223e-116,3.83224759865161e-51,NA,NA,"N. magnus"
"197","MD38",1186.43715277778,"2023-09-28 15:57:00",1186.43819444444,"f0053","s","2","4/01/2005",4,2005,"05/23/2022",8,36.4,37.3,37,NA,"N","lg",183.85,NA,"Extender","/01/2005",36.9,"may22","Nasuti","MD38-8",160.046013115101,160046.013115101,22.3669167115304,0.000139753038992884,0.993088075481664,0.361335197824047,4.21166472665832e-100,1.88057066307354e-10,NA,NA,"N. magnus"
"202","MD39",1216.39398148148,"2023-09-28 16:52:00",1216.39502314815,"f0054","s","0","5/01/2005",5,2005,"05/23/2022",6,26.2,25.5,25.3,NA,"N","lg",183.85,NA,"Extender","/01/2005",25.6666666666667,"may22","Nasuti","MD39-6",264.261526912834,264261.526912834,16.561521888929,6.26709535905761e-05,0.991107297102939,0.281119501586314,4.01939943461602e-95,4.60713719354215e-08,NA,NA,"N. magnus"
"203","MD39",1216.39704861111,"2023-09-28 16:52:00",1216.39809027778,"f0054","s","1","5/01/2005",5,2005,"05/23/2022",7,27.4,25.4,25.4,NA,"N","lg",183.85,NA,"Extender","/01/2005",26.0666666666667,"may22","Nasuti","MD39-7",462.580236313538,462580.236313538,-4.14095198222961,-8.95185668810732e-06,0.998132962063696,0.0322877560175942,2.46778736017322e-127,0.0831019829800464,NA,NA,"N. magnus"
"204","MD39",1216.39930555556,"2023-09-28 16:52:00",1216.40034722222,"f0054","s","2","5/01/2005",5,2005,"05/23/2022",8,26.3,25.7,25.7,NA,"N","lg",183.85,NA,"Extender","/01/2005",25.9,"may22","Nasuti","MD39-8",245.852016206098,245852.016206098,49.3872986195236,0.000200882219237617,0.998223993689999,0.821865259348712,5.90648241276281e-127,7.44529588156826e-36,NA,NA,"N. magnus"
"210","MD4",120.394907407407,"2023-09-28 16:29:00",120.395949074074,"f0011","s","0","5/01/2002",5,2002,"05/16/2022",6,29.4,28.4,28.4,NA,"N","lg",183.85,NA,"","/01/2002",28.7333333333333,"may22","Nasuti","MD4-6",508.953067772636,508953.067772636,-20.204690918805,-3.96985344979412e-05,0.999519673694182,0.42592935790726,8.53558488785344e-153,1.35954860650793e-12,NA,NA,"N. magnus"
"211","MD4",120.397337962963,"2023-09-28 16:29:00",120.39837962963,"f0011","s","1","5/01/2002",5,2002,"05/16/2022",7,27.7,27.3,28,NA,"N","lg",183.85,NA,"","/01/2002",27.6666666666667,"may22","Nasuti","MD4-7",287.636005630806,287636.005630806,17.5353748055649,6.09637683123453e-05,0.997284143831324,0.277423795347024,1.46070311213682e-118,5.85376190423726e-08,NA,NA,"N. magnus"
"212","MD4",120.400115740741,"2023-09-28 16:29:00",120.401157407407,"f0011","s","2","5/01/2002",5,2002,"05/16/2022",8,28,27.9,27.9,NA,"N","lg",183.85,NA,"","/01/2002",27.9333333333333,"may22","Nasuti","MD4-8",305.99085611057,305990.85611057,-8.62631974159962,-2.81914298069171e-05,0.99651278609207,0.109673863491534,1.2727533622563e-113,0.00118481494066995,NA,NA,"N. magnus"
"217","MD40",1247.39282407407,"2023-09-28 08:21:00",1247.39386574074,"f0056","s","0","6/01/2005",6,2005,"05/24/2022",5,29.2,28.5,28.2,NA,"N","lg",183.85,0,"lots of ants, hard to find termites","/01/2005",28.6333333333333,"may22","Copto","MD40-5",174.054435801973,174054.435801973,19.9196246565147,0.000114444797483805,0.994510174907771,0.17061038272892,1.18115798993037e-104,3.87608812708942e-05,NA,NA,"C. acinaciformis"
"218","MD40",1247.3953125,"2023-09-28 08:21:00",1247.39635416667,"f0056","s","1","6/01/2005",6,2005,"05/24/2022",6,29.6,28.5,28.6,NA,"N","lg",183.85,0,"lots of ants, hard to find termites","/01/2005",28.9,"may22","Copto","MD40-6",168.9969744753,168996.9744753,-9.32827055460949,-5.51978553673627e-05,0.998112648687339,0.0586823377935978,9.39566827436721e-126,0.0193103618252226,NA,NA,"C. acinaciformis"
"219","MD40",1247.39774305556,"2023-09-28 08:21:00",1247.39878472222,"f0056","s","2","6/01/2005",6,2005,"05/24/2022",7,28.8,28,27.9,NA,"N","lg",183.85,0,"lots of ants, hard to find termites","/01/2005",28.2333333333333,"may22","Copto","MD40-7",202.71528874414,202715.28874414,32.8104942873076,0.000161855055386177,0.997067463182772,0.394008061083487,4.8020679463458e-117,1.65501551977942e-11,NA,NA,"C. acinaciformis"
"224","MD41",1247.42112268519,"2023-09-28 09:12:00",1247.42216435185,"f0056","s","0","6/01/2005",6,2005,"05/24/2022",5,33.4,33.3,33,NA,"N","lg",183.85,0,"found nasute soldiers and ami workers in ami like mound","/01/2005",33.2333333333333,"may22","Ami","MD41-5",193.166724394034,193166.724394034,130.456091890457,0.000675354889925784,0.997257665208588,0.94500914211305,1.18301815195712e-119,9.64366998980146e-60,NA,NA,"A. laurensis"
"225","MD41",1247.42337962963,"2023-09-28 09:12:00",1247.4244212963,"f0056","s","1","6/01/2005",6,2005,"05/24/2022",6,34,34.8,35.4,NA,"N","lg",183.85,0,"found nasute soldiers and ami workers in ami like mound","/01/2005",34.7333333333333,"may22","Ami","MD41-6",127.937465417287,127937.465417287,84.6685027992672,0.000661795999499508,0.997609661659953,0.87079963478959,4.38163739431544e-121,3.25894621610516e-42,NA,NA,"A. laurensis"
"226","MD41",1247.42592592593,"2023-09-28 09:12:00",1247.42696759259,"f0056","s","2","6/01/2005",6,2005,"05/24/2022",7,35.7,36.7,36.1,NA,"N","lg",183.85,0,"found nasute soldiers and ami workers in ami like mound","/01/2005",36.1666666666667,"may22","Ami","MD41-7",116.821349521144,116821.349521144,-12.2748537764868,-0.000105073720058893,0.99481424669535,0.164422528865269,8.8362956105879e-106,5.5266747684554e-05,NA,NA,"A. laurensis"
"231","MD42",1277.38715277778,"2023-09-28 09:59:00",1277.38819444444,"f0057","s","0","7/01/2005",7,2005,"05/24/2022",5,36.3,35.7,35.4,NA,"N","lg",183.85,0,"found nasute soldiers and ami workers in ami like mound","/01/2005",35.8,"may22","Ami","MD42-5",159.634981095676,159634.981095676,133.520713326642,0.000836412623412517,0.996113565037284,0.921458585991351,1.09410291589136e-112,1.29055376119123e-52,NA,NA,"A. laurensis"
"232","MD42",1277.38946759259,"2023-09-28 09:59:00",1277.39050925926,"f0057","s","1","7/01/2005",7,2005,"05/24/2022",6,34,33.8,33.5,NA,"N","lg",183.85,0,"found nasute soldiers and ami workers in ami like mound","/01/2005",33.7666666666667,"may22","Ami","MD42-6",121.82226880211,121822.26880211,-33.1255276542622,-0.000271916850506797,0.994197696060241,0.558842503492376,1.46650733008191e-103,7.46414705973023e-18,NA,NA,"A. laurensis"
"233","MD42",1277.39201388889,"2023-09-28 09:59:00",1277.39305555556,"f0057","s","2","7/01/2005",7,2005,"05/24/2022",7,34.4,33.4,32.7,NA,"N","lg",183.85,0,"found nasute soldiers and ami workers in ami like mound","/01/2005",33.5,"may22","Ami","MD42-7",90.1624031339895,90162.4031339895,3.13273847895826,3.47455077733756e-05,0.989418283229539,0.0112137006218147,1.12385111161975e-92,0.309719719359036,NA,NA,"A. laurensis"
"239","MD43",1308.3880787037,"2023-09-28 10:45:00",1308.38912037037,"f0058","s","0","8/01/2005",8,2005,"05/24/2022",6,37.4,36.6,36.4,NA,"N","lg",183.85,0,"Extender","/01/2005",36.8,"may22","Copto","MD43-6",141.825242860419,141825.242860419,965.616239675322,0.00680849346844171,0.992169534536265,0.998575579705189,1.08334112984569e-98,9.69446818761438e-133,NA,NA,"C. acinaciformis"
"240","MD43",1308.39039351852,"2023-09-28 10:45:00",1308.39143518519,"f0058","s","1","8/01/2005",8,2005,"05/24/2022",7,34.6,34.5,34.5,NA,"N","lg",183.85,0,"Extender","/01/2005",34.5333333333333,"may22","Copto","MD43-7",82.923889502341,82923.889502341,4.11474742675315,4.96207721495865e-05,0.95854704092569,0.0155668611322871,1.06904207396776e-64,0.233417673410959,NA,NA,"C. acinaciformis"
"241","MD43",1308.39259259259,"2023-09-28 10:45:00",1308.39363425926,"f0058","s","2","8/01/2005",8,2005,"05/24/2022",8,34,34.3,34,NA,"N","lg",183.85,0,"Extender","/01/2005",34.1,"may22","Copto","MD43-8",119.15272457311,119152.72457311,21.8830882550775,0.000183655794137132,0.965471589014657,0.346019331043797,2.6045015706724e-68,5.6422672148861e-10,NA,NA,"C. acinaciformis"
"246","MD44",1339.38877314815,"2023-09-28 12:15:00",1339.38981481481,"f0059","s","0","9/01/2005",9,2005,"05/24/2022",5,34.4,34.3,34.1,NA,"N","lg",183.85,0,"","/01/2005",34.2666666666667,"may22","Copto","MD44-5",135.360011970278,135360.011970278,208.834698525632,0.00154280939758994,0.99483029071666,0.979509227007295,7.6742515762256e-106,1.26336526320466e-78,NA,NA,"C. acinaciformis"
"247","MD44",1339.39126157407,"2023-09-28 12:15:00",1339.39230324074,"f0059","s","1","9/01/2005",9,2005,"05/24/2022",6,36.2,36,35.5,NA,"N","lg",183.85,0,"","/01/2005",35.9,"may22","Copto","MD44-6",137.134299562738,137134.299562738,-28.1706412401933,-0.0002054237439504,0.987261390612767,0.578665351726994,5.0933310589178e-88,9.06173590368821e-19,NA,NA,"C. acinaciformis"
"248","MD44",1339.39380787037,"2023-09-28 12:15:00",1339.39484953704,"f0059","s","2","9/01/2005",9,2005,"05/24/2022",7,34.5,41.6,41.8,NA,"N","lg",183.85,0,"","/01/2005",39.3,"may22","Copto","MD44-7",210.5284017071,210528.4017071,92.3827578758213,0.000438813752095785,0.981772876830878,0.899949905058123,6.13492051616973e-81,2.84116156757243e-47,NA,NA,"C. acinaciformis"
"252","MD45",1369.3875,"2023-09-28 13:18:00",1369.38854166667,"f0060","s","0","10/01/2005",10,2005,"05/24/2022",5,44.8,48.1,48.1,NA,"N","lg",183.85,0,"","/01/2005",47,"may22","Ami","MD45-5",333.170106168215,333170.106168215,62.0098249893883,0.000186120614789131,0.995968048930506,0.8609465005937,9.39785366974999e-111,9.28463008725772e-41,NA,NA,"A. laurensis"
"253","MD45",1369.3896412037,"2023-09-28 13:18:00",1369.39068287037,"f0060","s","1","10/01/2005",10,2005,"05/24/2022",6,43.7,45.4,44.4,NA,"N","lg",183.85,0,"","/01/2005",44.5,"may22","Ami","MD45-6",245.754901329995,245754.901329995,5.26327202070163,2.14167530015371e-05,0.998638381300414,0.0538523478964703,3.31926060805549e-132,0.025201595636656,NA,NA,"A. laurensis"
"254","MD45",1369.39207175926,"2023-09-28 13:18:00",1369.39311342593,"f0060","s","2","10/01/2005",10,2005,"05/24/2022",7,42.8,44.3,44.1,NA,"N","lg",183.85,0,"","/01/2005",43.7333333333333,"may22","Ami","MD45-7",244.443823228111,244443.823228111,-65.0951184368541,-0.000266298888543027,0.998073359362522,0.864861720317549,2.39921197963119e-125,2.52605488545652e-41,NA,NA,"A. laurensis"
"259","MD47",1430.42974537037,"2023-09-28 15:19:00",1430.43078703704,"f0062","s","0","12/01/2005",12,2005,"05/24/2022",5,32.5,31.4,31.4,NA,"N","lg",183.85,0,"","/01/2005",31.7666666666667,"may22","Ami","MD47-5",277.717641895214,277717.641895214,71.0375633014378,0.000255790603782532,0.997277898494309,0.858380844366888,1.62163010267949e-118,2.13633891013531e-40,NA,NA,"A. laurensis"
"260","MD47",1430.4318287037,"2023-09-28 15:19:00",1430.43287037037,"f0062","s","1","12/01/2005",12,2005,"05/24/2022",6,31.5,31.2,31.1,NA,"N","lg",183.85,0,"","/01/2005",31.2666666666667,"may22","Ami","MD47-6",180.328342766513,180328.342766513,-17.1575916795973,-9.51463947174003e-05,0.991751726949009,0.22217069418683,1.31070150460283e-96,1.8537648159358e-06,NA,NA,"A. laurensis"
"261","MD47",1430.43420138889,"2023-09-28 15:19:00",1430.43524305556,"f0062","s","2","12/01/2005",12,2005,"05/24/2022",7,30.5,31.2,31.1,NA,"N","lg",183.85,0,"","/01/2005",30.9333333333333,"may22","Ami","MD47-7",160.529042681774,160529.042681774,-28.4347743060635,-0.000177131650641133,0.99034993608319,0.521474136419834,1.65733415964528e-93,3.11974869919615e-16,NA,NA,"A. laurensis"
"267","MD48",1461.43292824074,"2023-09-28 08:15:00",1461.43396990741,"f0063","s","0","1/01/2006",1,2006,"05/25/2022",6,26,25.4,25.6,NA,"N","lg",183.85,6,"Extender","/01/2006",25.6666666666667,"may22","Copto","MD48-6",518.431109764015,518431.109764015,-15.1743036496053,-2.92696625719712e-05,0.997062794129508,0.132625473523429,2.78274227308519e-118,0.000308171666243354,NA,NA,"C. acinaciformis"
"268","MD48",1461.43541666667,"2023-09-28 08:15:00",1461.43645833333,"f0063","s","1","1/01/2006",1,2006,"05/25/2022",7,28.5,26.7,26.5,NA,"N","lg",183.85,7.5,"Extender","/01/2006",27.2333333333333,"may22","Copto","MD48-7",480.214873948019,480214.873948019,-46.1781378018865,-9.61614067099577e-05,0.997460326002808,0.544622720843674,3.46093286940408e-121,2.14841405688006e-17,NA,NA,"C. acinaciformis"
"269","MD48",1461.43738425926,"2023-09-28 08:15:00",1461.43842592593,"f0063","s","2","1/01/2006",1,2006,"05/25/2022",8,26.9,26.7,26.5,NA,"N","lg",183.85,2.8,"Extender","/01/2006",26.7,"may22","Copto","MD48-8",525.837881798345,525837.881798345,-84.9356337776111,-0.000161524372278267,0.995017018384458,0.822175494156644,1.4389645552939e-106,6.87634934915971e-36,NA,NA,"C. acinaciformis"
"275","MD49",1492.43252314815,"2023-09-28 09:13:00",1492.43356481481,"f0066","s","0","2/01/2006",2,2006,"05/25/2022",6,32.6,32.6,32.3,NA,"N","lg",183.85,8.8,"Extender","/01/2006",32.5,"may22","Copto","MD49-6",479.76331482027,479763.31482027,-35.7438375150463,-7.45030651800393e-05,0.998745206275487,0.647785602115967,8.06370130667882e-134,2.4701881997006e-22,NA,NA,"C. acinaciformis"
"276","MD49",1492.43460648148,"2023-09-28 09:13:00",1492.43564814815,"f0066","s","1","2/01/2006",2,2006,"05/25/2022",7,32.5,32.5,32.5,NA,"N","lg",183.85,4.9,"Extender","/01/2006",32.5,"may22","Copto","MD49-7",458.910489393896,458910.489393896,-71.9652068398492,-0.000156817524338781,0.998403178224871,0.852778041948046,4.67448888542561e-129,1.25244457784834e-39,NA,NA,"C. acinaciformis"
"277","MD49",1492.43715277778,"2023-09-28 09:13:00",1492.43819444444,"f0066","s","2","2/01/2006",2,2006,"05/25/2022",8,34.6,32.6,32.2,NA,"N","lg",183.85,7.3,"Extender","/01/2006",33.1333333333333,"may22","Copto","MD49-8",468.504974948224,468504.974948224,-48.8282893588919,-0.000104221495970855,0.996814401648155,0.799352823717864,1.16501343793818e-116,7.5555296014036e-34,NA,NA,"C. acinaciformis"
"284","MD50",1520.43142361111,"2023-09-28 11:17:00",1520.43246527778,"f0067","s","0","3/01/2006",3,2006,"05/25/2022",6,33.8,36.2,36.4,NA,"N","lg",183.85,NA,"Extender","/01/2006",35.4666666666667,"may22","Nasuti","MD50-6",332.759724070299,332759.724070299,8.53356347025378,2.56448207309217e-05,0.998863134415391,0.128774826648232,9.04134224973442e-136,0.000412028043396207,NA,NA,"N. magnus"
"285","MD50",1520.43362268519,"2023-09-28 11:17:00",1520.43466435185,"f0067","s","1","3/01/2006",3,2006,"05/25/2022",7,37,36.3,36.2,NA,"N","lg",183.85,NA,"Extender","/01/2006",36.5,"may22","Nasuti","MD50-7",199.071149239613,199071.149239613,26.9667824464328,0.000135463036956571,0.99780169067006,0.472821432902462,9.69916637158701e-123,2.678505652855e-14,NA,NA,"N. magnus"
"286","MD50",1520.43559027778,"2023-09-28 11:17:00",1520.43663194444,"f0067","s","2","3/01/2006",3,2006,"05/25/2022",8,36.6,36.1,36.1,NA,"N","lg",183.85,NA,"Extender","/01/2006",36.2666666666667,"may22","Nasuti","MD50-8",242.979149830732,242979.149830732,46.3829217302907,0.000190892600301724,0.996751836629435,0.763066586954849,5.02852217293567e-115,3.34197970138867e-30,NA,NA,"N. magnus"
"292","MD51",1551.43258101852,"2023-09-28 12:59:00",1551.43362268519,"f0068","s","0","4/01/2006",4,2006,"05/25/2022",6,36.3,36.2,35.9,NA,"N","lg",183.85,9.3,"Extender","/01/2006",36.1333333333333,"may22","Nasuti","MD51-6",320.340396119369,320340.396119369,9.09171584280859,2.83814216157138e-05,0.988490634785828,0.107122430638997,5.02947935916091e-90,0.00136324468640592,NA,NA,"N. magnus"
"293","MD51",1551.43483796296,"2023-09-28 12:59:00",1551.43587962963,"f0068","s","1","4/01/2006",4,2006,"05/25/2022",7,36.8,36.9,36.8,NA,"N","lg",183.85,1.3,"Extender","/01/2006",36.8333333333333,"may22","Nasuti","MD51-7",345.464240527974,345464.240527974,32.3496342746128,9.36410501566609e-05,0.998971583413699,0.599176939243519,9.44360229266444e-138,9.19868302326526e-20,NA,NA,"N. magnus"
"294","MD51",1551.43674768519,"2023-09-28 12:59:00",1551.43778935185,"f0068","s","2","4/01/2006",4,2006,"05/25/2022",8,37.4,39.5,39.1,NA,"N","lg",183.85,3.3,"Extender","/01/2006",38.6666666666667,"may22","Nasuti","MD51-8",188.798603313354,188798.603313354,12.783095734369,6.77075757448934e-05,0.99719430057806,0.206729677441173,3.38341830077899e-119,4.15246583964647e-06,NA,NA,"N. magnus"
"300","MD52",1581.39016203704,"2023-09-28 14:13:00",1581.3912037037,"f0069","s","0","5/01/2006",5,2006,"05/25/2022",6,42.3,44.4,44.1,NA,"N","lg",183.85,11.2,"Extender","/01/2006",43.6,"may22","Nasuti","MD52-6",458.512202992315,458512.202992315,24.0326822188255,5.2414487688626e-05,0.999268382093484,0.395145482989127,1.7632692402137e-144,1.51734193204708e-11,NA,NA,"N. magnus"
"301","MD52",1581.3921875,"2023-09-28 14:13:00",1581.39322916667,"f0069","s","1","5/01/2006",5,2006,"05/25/2022",7,38.6,41.5,41.2,NA,"N","lg",183.85,22.5,"Extender","/01/2006",40.4333333333333,"may22","Nasuti","MD52-7",249.367147078099,249367.147078099,-4.62342276670242,-1.85406250216851e-05,0.9952374985154,0.0248578335672452,1.83543372937913e-107,0.131210178597659,NA,NA,"N. magnus"
"302","MD52",1581.39415509259,"2023-09-28 14:13:00",1581.39519675926,"f0069","s","2","5/01/2006",5,2006,"05/25/2022",8,37.2,41.9,41.6,NA,"N","lg",183.85,24.6,"Extender","/01/2006",40.2333333333333,"may22","Nasuti","MD52-8",612.933956146127,612933.956146127,5.88006862083263,9.59331517184013e-06,0.997867367388351,0.0558189872624163,2.43983230498911e-123,0.0226089930338421,NA,NA,"N. magnus"
"308","MD53",1612.39016203704,"2023-09-28 15:10:00",1612.3912037037,"f0070","s","0","6/01/2006",6,2006,"05/25/2022",6,35.4,33.6,33.6,NA,"N","lg",183.85,NA,"Extender, forgot soil moisture","/01/2006",34.2,"may22","Copto","MD53-6",523.050006673767,523050.006673767,-15.7580027409211,-3.01271437527188e-05,0.992235683826921,0.215556628009162,8.36716760899887e-98,2.76302851867645e-06,NA,NA,"C. acinaciformis"
"309","MD53",1612.3921875,"2023-09-28 15:10:00",1612.39322916667,"f0070","s","1","6/01/2006",6,2006,"05/25/2022",7,36.6,36.6,36.6,NA,"N","lg",183.85,NA,"Extender, forgot soil moisture","/01/2006",36.6,"may22","Copto","MD53-7",306.931992733313,306931.992733313,-9.53792176920907,-3.10750328900916e-05,0.995149752835666,0.117828040461202,2.91767777918971e-108,0.000706517207217464,NA,NA,"C. acinaciformis"
"310","MD53",1612.3947337963,"2023-09-28 15:10:00",1612.39577546296,"f0070","s","2","6/01/2006",6,2006,"05/25/2022",8,32.3,32.7,32.7,NA,"N","lg",183.85,NA,"Extender, forgot soil moisture","/01/2006",32.5666666666667,"may22","Copto","MD53-8",495.688282642289,495688.282642289,-32.6005771600876,-6.57683029873305e-05,0.997771219597402,0.588794455860471,1.81451939091414e-122,2.96977460869732e-19,NA,NA,"C. acinaciformis"
"315","MD54",1642.38888888889,"2023-09-28 16:27:00",1642.38993055556,"f0071","s","0","7/01/2006",7,2006,"05/25/2022",5,34.3,31.7,31.7,NA,"N","lg",183.85,0,"","/01/2006",32.5666666666667,"may22","Ami","MD54-5",255.20296150198,255202.96150198,159.959961015419,0.000626795081350096,0.994729825404513,0.965330318279867,1.84241138964942e-105,3.13645549516123e-68,NA,NA,"A. laurensis"
"316","MD54",1642.39097222222,"2023-09-28 16:27:00",1642.39201388889,"f0071","s","1","7/01/2006",7,2006,"05/25/2022",6,30.8,28.2,28.3,NA,"N","lg",183.85,0,"","/01/2006",29.1,"may22","Ami","MD54-6",393.838566764459,393838.566764459,41.0337664205465,0.000104189304662708,0.996271688024108,0.66189493416693,2.6657971054472e-112,3.80477344986074e-23,NA,NA,"A. laurensis"
"317","MD54",1642.39311342593,"2023-09-28 16:27:00",1642.39415509259,"f0071","s","2","7/01/2006",7,2006,"05/25/2022",7,29.1,28.5,28.7,NA,"N","lg",183.85,3.8,"","/01/2006",28.7666666666667,"may22","Ami","MD54-7",493.044545168721,493044.545168721,2.38149834104099,4.83018900498338e-06,0.998863173952012,0.00670642961415774,9.02704659558754e-136,0.435169335009157,NA,NA,"A. laurensis"
"323","MD55",1673.39496527778,"2023-09-28 08:29:00",1673.39600694444,"f0073","s","0","8/01/2006",8,2006,"05/26/2022",6,24.3,26.6,26,NA,"N","lg",183.85,3.1,"Extender","/01/2006",25.6333333333333,"may22","Copto","MD55-6",442.517842305012,442517.842305012,217.455146649841,0.000491404246023501,0.99462900597581,0.943781473991521,4.36373075516127e-105,1.12986875633091e-58,NA,NA,"C. acinaciformis"
"324","MD55",1673.39704861111,"2023-09-28 08:29:00",1673.39809027778,"f0073","s","1","8/01/2006",8,2006,"05/26/2022",7,27.6,26.5,26.5,NA,"N","lg",183.85,2.3,"Extender","/01/2006",26.8666666666667,"may22","Copto","MD55-7",170.11686850182,170116.86850182,39.5288859004748,0.000232363117476806,0.997091886370175,0.38444221117159,3.28218066414679e-117,3.41472852858718e-11,NA,NA,"C. acinaciformis"
"325","MD55",1673.39913194444,"2023-09-28 08:29:00",1673.40017361111,"f0073","s","2","8/01/2006",8,2006,"05/26/2022",8,28.5,26.8,26.8,NA,"N","lg",183.85,1.3,"Extender","/01/2006",27.3666666666667,"may22","Copto","MD55-8",149.481956081626,149481.956081626,9.10806903582524,6.09308927617437e-05,0.995750225165022,0.0693829278756203,1.02986552740415e-109,0.0107394216543211,NA,NA,"C. acinaciformis"
"331","MD56",1704.38912037037,"2023-09-28 09:44:00",1704.39016203704,"f0074","s","0","9/01/2006",9,2006,"05/26/2022",6,40.2,39.8,39,NA,"N","lg",183.85,0,"Extender","/01/2006",39.6666666666667,"may22","Nasuti","MD56-6",150.227585136641,150227.585136641,369.412007922136,0.00245901581647694,0.998392002407529,0.993172643767413,6.42027514060557e-129,2.40532326508698e-100,NA,NA,"N. magnus"
"332","MD56",1704.3912037037,"2023-09-28 09:44:00",1704.39224537037,"f0074","s","1","9/01/2006",9,2006,"05/26/2022",7,36,35.8,35.8,NA,"N","lg",183.85,0,"Extender","/01/2006",35.8666666666667,"may22","Nasuti","MD56-7",100.344432348672,100344.432348672,-18.5704642014081,-0.000185067210673736,0.989959853027303,0.366374928219995,1.00242899321773e-93,1.03164838900242e-10,NA,NA,"N. magnus"
"333","MD56",1704.3931712963,"2023-09-28 09:44:00",1704.39421296296,"f0074","s","2","9/01/2006",9,2006,"05/26/2022",8,31.4,37.6,37,NA,"N","lg",183.85,0,"Extender","/01/2006",35.3333333333333,"may22","Nasuti","MD56-8",183.019271126084,183019.271126084,2.87229609892055,1.5693954419378e-05,0.998267616165203,0.0116842168400461,1.90503191388648e-127,0.302379694673594,NA,NA,"N. magnus"
"339","MD57",1704.41527777778,"2023-09-28 10:05:00",1704.41631944444,"f0074","s","0","9/01/2006",9,2006,"05/26/2022",6,41.1,41.1,39.9,NA,"N","lg",183.85,0,"","/01/2006",40.7,"may22","Nasuti","MD57-6",206.955210686085,206955.210686085,36.7624619149543,0.000177634869849769,0.997078361986144,0.673296366665596,4.0536798187608e-117,7.92301902176429e-24,NA,NA,"N. magnus"
"340","MD57",1704.41788194444,"2023-09-28 10:05:00",1704.41892361111,"f0074","s","1","9/01/2006",9,2006,"05/26/2022",7,34,34,34,NA,"N","lg",183.85,0,"","/01/2006",34,"may22","Nasuti","MD57-7",307.457547032756,307457.547032756,25.0910533355481,8.16081881147479e-05,0.996724277047284,0.455118536733568,7.38583090796941e-115,1.22597399576282e-13,NA,NA,"N. magnus"
"341","MD57",1704.41990740741,"2023-09-28 10:05:00",1704.42094907407,"f0074","s","2","9/01/2006",9,2006,"05/26/2022",8,40.1,42.9,42.4,NA,"N","lg",183.85,0,"","/01/2006",41.8,"may22","Nasuti","MD57-8",246.356947108854,246356.947108854,5.1455489229369,2.08865590490668e-05,0.996865932623182,0.0364616607399202,9.88148406636217e-116,0.0667352158556913,NA,NA,"N. magnus"
"347","MD58",1734.39207175926,"2023-09-28 11:21:00",1734.39311342593,"f0075","s","1","10/01/2006",10,2006,"05/26/2022",7,43,44.6,44.2,NA,"N","lg",183.85,0,"Extender","/01/2006",43.9333333333333,"may22","Nasuti","MD58-7",510.036665825296,510036.665825296,108.506681255718,0.000212742903650156,0.997883572378033,0.589987807308991,1.72437646364544e-123,2.59937943315945e-19,NA,NA,"N. magnus"
"348","MD58",1734.39409722222,"2023-09-28 11:21:00",1734.39513888889,"f0075","s","2","10/01/2006",10,2006,"05/26/2022",8,43.7,46.4,46.4,NA,"N","lg",183.85,0,"Extender","/01/2006",45.5,"may22","Nasuti","MD58-8",129.944912934596,129944.912934596,29.9331626589697,0.000230352708566865,0.992545483278936,0.52148105542676,1.31190667074817e-98,3.11767705628113e-16,NA,NA,"N. magnus"
"354","MD59",1765.43096064815,"2023-09-28 13:39:00",1765.43200231481,"f0076","s","0","11/01/2006",11,2006,"05/26/2022",6,43.9,43.9,44.7,NA,"N","lg",183.85,1.6,"Extender","/01/2006",44.1666666666667,"may22","Copto","MD59-6",730.715437468483,730715.437468483,31.0584566444041,4.25041747468811e-05,0.989606651596657,0.618987671003859,4.91856663100315e-93,5.53886162049224e-21,NA,NA,"C. acinaciformis"
"355","MD59",1765.43333333333,"2023-09-28 13:39:00",1765.434375,"f0076","s","1","11/01/2006",11,2006,"05/26/2022",7,41.5,44.3,43.7,NA,"N","lg",183.85,0,"Extender","/01/2006",43.1666666666667,"may22","Copto","MD59-7",442.220231384176,442220.231384176,115.052948242524,0.000260171154726235,0.995554165493714,0.942790648485562,8.01766254845124e-109,2.50314122986751e-58,NA,NA,"C. acinaciformis"
"356","MD59",1765.43541666667,"2023-09-28 13:39:00",1765.43645833333,"f0076","s","2","11/01/2006",11,2006,"05/26/2022",8,41.4,44.5,43,NA,"N","lg",183.85,0,"Extender","/01/2006",42.9666666666667,"may22","Copto","MD59-8",444.194169951578,444194.169951578,41.5413741992031,9.35207551322242e-05,0.999107552384759,0.719842425788415,1.48912223780437e-140,7.04070301633668e-27,NA,NA,"C. acinaciformis"
"362","MD6",181.39212962963,"2023-09-28 09:36:00",181.393171296296,"f0014","s","0","7/01/2002",7,2002,"05/17/2022",6,28.2,27.2,27.2,NA,"N","lg",183.85,NA,"","/01/2002",27.5333333333333,"may22","Copto","MD6-6",1981.15589280446,1981155.89280446,16.6451586241642,8.40174096577622e-06,0.999470158822282,0.22769131644205,7.41256589089821e-151,1.32559761362499e-06,NA,NA,"C. acinaciformis"
"363","MD6",181.394560185185,"2023-09-28 09:36:00",181.395601851852,"f0014","s","1","7/01/2002",7,2002,"05/17/2022",7,28.2,28.3,28.4,NA,"N","lg",183.85,NA,"","/01/2002",28.3,"may22","Copto","MD6-7",935.786731836962,935786.731836962,-69.7384142823115,-7.45238331659331e-05,0.998237175272807,0.825590718153962,4.20839738378476e-127,2.83974454221672e-36,NA,NA,"C. acinaciformis"
"364","MD6",181.396990740741,"2023-09-28 09:36:00",181.398032407407,"f0014","s","2","7/01/2002",7,2002,"05/17/2022",8,28,28.3,28.6,NA,"N","lg",183.85,NA,"","/01/2002",28.3,"may22","Copto","MD6-8",1020.14717427709,1020147.17427709,-74.2695805202881,-7.28028096268737e-05,0.997033766803721,0.864147974675206,8.07603487244413e-117,3.21151101339512e-41,NA,NA,"C. acinaciformis"
"370","MD60",1795.43159722222,"2023-09-28 14:32:00",1795.43263888889,"f0077","s","0","12/01/2006",12,2006,"05/26/2022",6,32.3,32.4,33.2,NA,"N","lg",183.85,10.5,"Extender","/01/2006",32.6333333333333,"may22","Nasuti","MD60-6",350.962263513173,350962.263513173,-22.387805230878,-6.37897790114911e-05,0.99906210985491,0.508440070356401,1.42672540419863e-139,1.07258140451752e-15,NA,NA,"N. magnus"
"371","MD60",1795.43368055556,"2023-09-28 14:32:00",1795.43472222222,"f0077","s","1","12/01/2006",12,2006,"05/26/2022",7,32.9,31.3,31,NA,"N","lg",183.85,0.6,"Extender","/01/2006",31.7333333333333,"may22","Nasuti","MD60-7",330.035830237256,330035.830237256,-26.7883546587255,-8.11680193616187e-05,0.99845891066931,0.513384467472752,9.28366566184348e-130,6.73976995011421e-16,NA,NA,"N. magnus"
"372","MD60",1795.43587962963,"2023-09-28 14:32:00",1795.4369212963,"f0077","s","2","12/01/2006",12,2006,"05/26/2022",8,32,28.9,28.9,NA,"N","lg",183.85,3,"Extender","/01/2006",29.9333333333333,"may22","Nasuti","MD60-8",419.455770516182,419455.770516182,-16.4272969333988,-3.91633590191962e-05,0.990465492220642,0.232157416772953,9.57928907651121e-94,1.0090913390236e-06,NA,NA,"N. magnus"
"378","MD61",1826.43287037037,"2023-09-28 15:27:00",1826.43391203704,"f0078","s","0","1/01/2007",1,2007,"05/26/2022",6,31.7,31.7,32.1,NA,"N","lg",183.85,8.6,"Extender","/01/2007",31.8333333333333,"may22","Nasuti","MD61-6",453.850215758197,453850.215758197,-7.7800378734669,-1.71423029081735e-05,0.997163031169035,0.064014388058428,5.63351888647509e-119,0.01387898651235,NA,NA,"N. magnus"
"379","MD61",1826.43489583333,"2023-09-28 15:27:00",1826.4359375,"f0078","s","1","1/01/2007",1,2007,"05/26/2022",7,32.3,31.3,31.4,NA,"N","lg",183.85,8.7,"Extender","/01/2007",31.6666666666667,"may22","Nasuti","MD61-7",411.997666336788,411997.666336788,8.72185850464402,2.11696793872476e-05,0.999502639178633,0.097310084233491,9.24408742127936e-154,0.00220806703702163,NA,NA,"N. magnus"
"380","MD61",1826.43686342593,"2023-09-28 15:27:00",1826.43790509259,"f0078","s","2","1/01/2007",1,2007,"05/26/2022",8,32.8,35.9,35.8,NA,"N","lg",183.85,0,"Extender, soil measurement on road","/01/2007",34.8333333333333,"may22","Nasuti","MD61-8",140.307226300432,140307.226300432,1.48266448013412,1.05672709754762e-05,0.997169041304092,0.00223937769435516,5.10988388713598e-119,0.65060668642516,NA,NA,"N. magnus"
"386","MD62",1857.43431712963,"2023-09-28 08:18:00",1857.4353587963,"f0080","s","0","2/01/2007",2,2007,"05/27/2022",6,20,20,21.7,NA,"N","lg",183.85,0,"Extender, not the best closed chamber surface","/01/2007",20.5666666666667,"may22","Nasuti","MD62-6",156.485885113245,156485.885113245,-21.9874132281797,-0.000140507325707159,0.605227971084543,0.279213799423996,4.58174805823408e-20,5.213409111477e-08,NA,NA,"N. magnus"
"387","MD62",1857.43738425926,"2023-09-28 08:18:00",1857.43842592593,"f0080","s","1","2/01/2007",2,2007,"05/27/2022",7,23.2,22.5,22.4,NA,"N","lg",183.85,2.4,"Extender","/01/2007",22.7,"may22","Nasuti","MD62-7",214.433791232803,214433.791232803,-6.11081611569743,-2.84974494018209e-05,0.998353691535041,0.0104167120757712,1.87428862572103e-128,0.330311603368755,NA,NA,"N. magnus"
"388","MD62",1857.43946759259,"2023-09-28 08:18:00",1857.44050925926,"f0080","s","2","2/01/2007",2,2007,"05/27/2022",8,21.6,21.6,23.9,NA,"N","lg",183.85,0,"Extender","/01/2007",22.3666666666667,"may22","Nasuti","MD62-8",189.189150385551,189189.150385551,-1.058859197537,-5.59682833491845e-06,0.997393678044344,0.00075942039637357,1.1394926335554e-120,0.792045090628616,NA,NA,"N. magnus"
"394","MD63",1885.43165509259,"2023-09-28 08:46:00",1885.43269675926,"f0081","s","0","3/01/2007",3,2007,"05/27/2022",6,27.9,27.5,27.5,NA,"N","lg",183.85,0,"Extender","/01/2007",27.6333333333333,"may22","Copto","MD63-6",224.182288758932,224182.288758932,-63.2514547072972,-0.000282142960790773,0.993066836959755,0.783153131397388,4.01041706850415e-101,2.71467347470727e-32,NA,NA,"C. acinaciformis"
"395","MD63",1885.43385416667,"2023-09-28 08:46:00",1885.43489583333,"f0081","s","1","3/01/2007",3,2007,"05/27/2022",7,29.7,27.5,27.6,NA,"N","lg",183.85,12.3,"Extender","/01/2007",28.2666666666667,"may22","Copto","MD63-7",271.866681282754,271866.681282754,-17.0261920062607,-6.26269902804039e-05,0.994272805675722,0.20531368270566,8.10594984660145e-104,5.09796783596483e-06,NA,NA,"C. acinaciformis"
"396","MD63",1885.43599537037,"2023-09-28 08:46:00",1885.43703703704,"f0081","s","2","3/01/2007",3,2007,"05/27/2022",8,28.5,28,28,NA,"N","lg",183.85,10.7,"Extender","/01/2007",28.1666666666667,"may22","Copto","MD63-8",386.558838379856,386558.838379856,-51.7513060147186,-0.000133876918276189,0.986261213003755,0.767274478234148,1.58787762550526e-86,1.47485094858747e-30,NA,NA,"C. acinaciformis"
"402","MD64",1916.38998842593,"2023-09-28 10:05:00",1916.39103009259,"f0082","s","0","4/01/2007",4,2007,"05/27/2022",6,36.2,38.3,37.9,NA,"N","lg",183.85,0,"Extender","/01/2007",37.4666666666667,"may22","Nasuti","MD64-6",103.080031686878,103080.031686878,87.2023181627767,0.000845967126083814,0.988848443933245,0.895071683325523,1.19501331512004e-90,2.48524783895283e-46,NA,NA,"N. magnus"
"403","MD64",1916.39201388889,"2023-09-28 10:05:00",1916.39305555556,"f0082","s","1","4/01/2007",4,2007,"05/27/2022",7,38,38.1,37.8,NA,"N","lg",183.85,0,"Extender","/01/2007",37.9666666666667,"may22","Nasuti","MD64-7",69.5793210327784,69579.3210327784,-18.5906277531053,-0.000267186104681122,0.991716697958978,0.24842008355547,1.58947100012669e-96,3.69277362387168e-07,NA,NA,"N. magnus"
"404","MD64",1916.39450231481,"2023-09-28 10:05:00",1916.39554398148,"f0082","s","2","4/01/2007",4,2007,"05/27/2022",8,37.9,39.4,39.2,NA,"N","lg",183.85,1,"Extender","/01/2007",38.8333333333333,"may22","Nasuti","MD64-8",112.984310664082,112984.310664082,-16.3696925369131,-0.00014488465204326,0.990560903238502,0.226785900650643,6.06144443115674e-94,1.40074566741988e-06,NA,NA,"N. magnus"
"410","MD65",1946.3900462963,"2023-09-28 11:19:00",1946.39108796296,"f0083","s","0","5/01/2007",5,2007,"05/27/2022",6,40.1,40.4,40.1,NA,"N","lg",183.85,0,"Extender","/01/2007",40.2,"may22","Nasuti","MD65-6",287.750927572954,287750.927572954,-34.8986425333987,-0.000121280729927624,0.99853275510759,0.613647115883018,9.94046826844234e-131,1.70668366552578e-20,NA,NA,"N. magnus"
"411","MD65",1946.39236111111,"2023-09-28 11:19:00",1946.39340277778,"f0083","s","1","5/01/2007",5,2007,"05/27/2022",7,37.4,38.8,38.9,NA,"N","lg",183.85,1.2,"Extender","/01/2007",38.3666666666667,"may22","Nasuti","MD65-7",237.152086371369,237152.086371369,-28.808219779394,-0.000121475717208246,0.998251258818676,0.511955454090689,2.92152839354749e-127,7.71205694094782e-16,NA,NA,"N. magnus"
"412","MD65",1946.39467592593,"2023-09-28 11:19:00",1946.39571759259,"f0083","s","2","5/01/2007",5,2007,"05/27/2022",8,35.6,34.7,34.3,NA,"N","lg",183.85,0,"","/01/2007",34.8666666666667,"may22","Nasuti","MD65-8",274.288942831998,274288.942831998,-62.6429242373058,-0.000228382973044869,0.987169474489708,0.841615943518756,7.95892810511273e-89,1.38730203275414e-38,NA,NA,"N. magnus"
"417","MD66",1977.3880787037,"2023-09-28 12:14:00",1977.38912037037,"f0084","s","0","6/01/2007",6,2007,"05/27/2022",5,35.1,34.5,34.1,NA,"N","lg",183.85,3.5,"","/01/2007",34.5666666666667,"may22","Copto","MD66-5",990.838375331351,990838.375331351,-82.2884362640316,-8.3049302805327e-05,0.997968788606739,0.83777625596656,2.65776406480496e-124,1.04464486726762e-37,NA,NA,"C. acinaciformis"
"418","MD66",1977.39016203704,"2023-09-28 12:14:00",1977.3912037037,"f0084","s","1","6/01/2007",6,2007,"05/27/2022",6,34.7,35.4,35.4,NA,"N","lg",183.85,0,"","/01/2007",35.1666666666667,"may22","Copto","MD66-6",565.339744410553,565339.744410553,-6.43392200724228,-1.13806292072222e-05,0.961103935361576,0.0263868568035191,5.89331944312685e-66,0.11978355584362,NA,NA,"C. acinaciformis"
"419","MD66",1977.39236111111,"2023-09-28 12:14:00",1977.39340277778,"f0084","s","2","6/01/2007",6,2007,"05/27/2022",7,34.6,33.8,33.6,NA,"N","lg",183.85,0,"","/01/2007",34,"may22","Copto","MD66-7",331.15349982317,331153.49982317,-17.1424456993569,-5.17658599667848e-05,0.995726088751712,0.174621922352796,8.66461406758826e-111,2.78104652597953e-05,NA,NA,"C. acinaciformis"
"425","MD8",243.391493055556,"2023-09-28 12:41:00",243.392534722222,"f0016","s","0","9/01/2002",9,2002,"05/17/2022",6,36.6,38.2,38.2,NA,"N","lg",183.85,NA,"Extender","/01/2002",37.6666666666667,"may22","Copto","MD8-6",1144.449145963,1144449.145963,-73.4585428495831,-6.4186812589013e-05,0.999362428148615,0.898035227695991,3.36850673087462e-147,6.73802980783256e-47,NA,NA,"C. acinaciformis"
"426","MD8",243.393634259259,"2023-09-28 12:41:00",243.394675925926,"f0016","s","1","9/01/2002",9,2002,"05/17/2022",7,37.4,38.7,39,NA,"N","lg",183.85,NA,"Extender","/01/2002",38.3666666666667,"may22","Copto","MD8-7",581.408225722537,581408.225722537,5.83554093939888,1.00369081158885e-05,0.998842319587252,0.0487028079077227,2.06422758158705e-135,0.0335257944684513,NA,NA,"C. acinaciformis"
"427","MD8",243.395601851852,"2023-09-28 12:41:00",243.396643518519,"f0016","s","2","9/01/2002",9,2002,"05/17/2022",8,39.5,40.9,40.7,NA,"N","lg",183.85,NA,"Extender","/01/2002",40.3666666666667,"may22","Copto","MD8-8",370.878526304828,370878.526304828,-32.2650364793446,-8.69962378270068e-05,0.998743791124819,0.683581235433102,2.99211723546875e-135,1.02664443896901e-24,NA,NA,"C. acinaciformis"
"433","MD9",304.421990740741,"2023-09-28 13:44:00",304.423032407407,"f0018","s","0","11/01/2002",11,2002,"05/17/2022",6,33.3,33.3,33.5,NA,"N","lg",183.85,NA,"Extender","/01/2002",33.3666666666667,"may22","Copto","MD9-6",796.091552297314,796091.552297314,-63.0260160253942,-7.91693063988902e-05,0.999098839471186,0.760474818140072,2.31694736555454e-140,5.49165923572843e-30,NA,NA,"C. acinaciformis"
"434","MD9",304.424652777778,"2023-09-28 13:44:00",304.425694444444,"f0018","s","1","11/01/2002",11,2002,"05/17/2022",7,34.2,33.9,34,NA,"N","lg",183.85,NA,"Extender","/01/2002",34.0333333333333,"may22","Copto","MD9-7",574.58673380575,574586.73380575,-49.7223189488864,-8.65357935077143e-05,0.998464381613942,0.771836761551518,7.89665388601831e-130,5.97408943794526e-31,NA,NA,"C. acinaciformis"
"435","MD9",304.426678240741,"2023-09-28 13:44:00",304.427719907407,"f0018","s","2","11/01/2002",11,2002,"05/17/2022",8,32.7,32.8,33,NA,"N","lg",183.85,NA,"Extender","/01/2002",32.8333333333333,"may22","Copto","MD9-8",542.199411725943,542199.411725943,-46.6864449232084,-8.61056724030646e-05,0.998707590624642,0.77413783104557,3.09175872734625e-133,3.76135146630276e-31,NA,NA,"C. acinaciformis"
"438","MD58",1734.38935185185,"2023-09-28 11:21:00",1734.39039351852,"f0075","s","0","10/01/2006",10,2006,"05/26/2022",6,43.7,43.7,45.4,NA,"N","lg",183.85,0,"Extender","/01/2006",44.2666666666667,"may22","Nasuti","MD58-6",477.347879031898,477347.879031898,829.309565969933,0.00173732743434797,0.949185558283858,0.952298384071556,9.96885524298923e-46,1.16015852139763e-46,NA,NA,"N. magnus"
"442","MD10",317.63125,"15:08:30",317.632291666667,"f0004","s","2",NA,NA,NA,"11/14/2022",5,45.4,49.3,49.1,NA,"N","lg",183.85,NA,"",NA,47.9333333333333,"nov22","Ami",NA,96.4724340562582,96472.4340562582,-90.8431618378587,-0.000941648904441275,0.992490371528108,0.941287864263615,1.83428719757273e-98,8.1506589749448e-58,NA,NA,"A. laurensis"
"448","MD11",317.615335648148,"14:45:35",317.616377314815,"f0003","s","2",NA,NA,NA,"11/14/2022",6,40.9,40.1,40.1,NA,"N","lg",183.85,NA,"Extender",NA,40.3666666666667,"nov22","Nasuti",NA,146.470723856183,146470.723856183,-68.0387477062102,-0.000464521140572885,0.995731318663775,0.855826909627733,1.26037600234303e-109,4.82482444315703e-40,NA,NA,"N. magnus"
"453","MD15",317.509895833333,"12:13:45",317.5109375,"f0000","s","0",NA,NA,NA,"11/14/2022",5,48.9,49.7,49,NA,"N","lg",183.85,NA,"",NA,49.2,"nov22","Ami",NA,131.952053074562,131952.053074562,-21.0698451063492,-0.000159678039222651,0.994555502494716,0.401663567857389,8.09964982114405e-105,9.19622308470112e-12,NA,NA,"A. laurensis"
"454","MD15",317.511979166667,"12:16:45",317.513020833333,"f0000","s","1",NA,NA,NA,"11/14/2022",6,50.6,51.9,50.3,NA,"N","lg",183.85,NA,"",NA,50.9333333333333,"nov22","Ami",NA,115.72913895554,115729.13895554,-82.5029061749554,-0.000712896569693228,0.99696046091308,0.912100903576317,2.4525897028321e-116,7.7991381806877e-50,NA,NA,"A. laurensis"
"455","MD15",317.513773148148,"12:19:20",317.514814814815,"f0000","s","2",NA,NA,NA,"11/14/2022",7,47.9,50,49.3,NA,"N","lg",183.85,NA,"",NA,49.0666666666667,"nov22","Ami",NA,130.184638935236,130184.638935236,-39.5745142092867,-0.000303987586653554,0.997915542981275,0.682843740675755,8.62677751546645e-124,2.04106572456393e-24,NA,NA,"A. laurensis"
"461","MD2",317.659953703704,"15:49:50",317.66099537037,"f0005","s","2",NA,NA,NA,"11/14/2022",6,45.7,48.5,47.7,NA,"N","lg",183.85,NA,"",NA,47.3,"nov22","Copto",NA,107.723343953852,107723.343953852,-81.1831371127406,-0.000753626225598037,0.99403661269011,0.912454457143047,5.09834635964166e-103,6.49116382739484e-50,NA,NA,"C. acinaciformis"
"466","MD21",318.392361111111,"09:24:30",318.393402777778,"f0001","s","2",NA,NA,NA,"11/15/2022",5,44.2,46.2,46.2,NA,"N","lg",183.85,NA,"",NA,45.5333333333333,"nov22","Ami",NA,57.2041945059433,57204.1945059433,-13.6341455405068,-0.000238341710048732,0.96778793151362,0.151091042400203,1.10414930161959e-69,0.000117927242533442,NA,NA,"A. laurensis"
"471","MD24",318.408680555556,"09:48:00",318.409722222222,"f0002","s","2",NA,NA,NA,"11/15/2022",5,42.8,43.6,43.8,NA,"N","lg",183.85,NA,"",NA,43.4,"nov22","Ami",NA,59.051512593312,59051.512593312,-55.1648082917242,-0.000934181122025518,0.989214823508813,0.859305414008436,2.69913216784806e-92,5.91287534588083e-41,NA,NA,"A. laurensis"
"477","MD25",318.444791666667,"10:40:00",318.445833333333,"f0003","s","2",NA,NA,NA,"11/15/2022",6,51.6,50,50,NA,"N","lg",183.85,NA,"Extender",NA,50.5333333333333,"nov22","Nasuti",NA,148.853892741731,148853.892741731,-62.8624006127977,-0.000422309416669856,0.996495583028262,0.595243566116651,1.59217178004972e-113,1.43904489513592e-19,NA,NA,"N. magnus"
"483","MD26",318.466782407407,"11:11:40",318.467824074074,"f0004","s","2",NA,NA,NA,"11/15/2022",6,47,45.2,46,NA,"N","lg",183.85,NA,"Extender",NA,46.0666666666667,"nov22","Copto",NA,109.018993036576,109018.993036576,-73.0145347817992,-0.000669741416133817,0.993148812053875,0.589086081050925,2.81860689149171e-100,2.87475470818821e-19,NA,NA,"C. acinaciformis"
"489","MD27",319.379976851852,"09:06:40",319.381018518519,"f0000","s","2",NA,NA,NA,"11/16/2022",6,38.7,39.6,39.9,NA,"N","lg",183.85,NA,"Extender",NA,39.4,"nov22","Copto",NA,94.8968152149547,94896.8152149547,-0.556613686241121,-5.86546223896252e-06,0.99264342414608,0.000198540703794102,7.18687639362526e-99,0.893361293822204,NA,NA,"C. acinaciformis"
"495","MD35",317.576041666667,"13:49:00",317.577083333333,"f0001","s","2",NA,NA,NA,"11/14/2022",6,42.8,49.2,48.8,NA,"N","lg",183.85,NA,"Extender",NA,46.9333333333333,"nov22","Copto",NA,277.017064965667,277017.064965667,-82.5635072800085,-0.000298044841714864,0.998935877854954,0.918549659349134,4.46236291987681e-137,2.42598996938587e-51,NA,NA,"C. acinaciformis"
"500","MD36",318.366840277778,"08:47:45",318.367881944444,"f0000","s","2",NA,NA,NA,"11/15/2022",5,40.6,40,39.1,NA,"N","lg",183.85,NA,"",NA,39.9,"nov22","Ami",NA,68.823207384976,68823.207384976,-23.0731035108145,-0.000335251790602414,0.990454822452265,0.373080301777542,1.00794409757706e-93,7.96048197323908e-11,NA,NA,"A. laurensis"
"505","MD37",318.672048611111,"16:07:15",318.673090277778,"f0008","s","2",NA,NA,NA,"11/15/2022",5,37.1,36.3,36.4,NA,"N","lg",183.85,NA,"",NA,36.6,"nov22","Ami",NA,99.684509407898,99684.509407898,54.8753796926226,0.000550490542799169,0.994062073027024,0.687274211531033,4.19640507480997e-103,1.07277664610278e-24,NA,NA,"A. laurensis"
"510","MD42",318.690798611111,"16:34:15",318.691840277778,"f0009","s","2",NA,NA,NA,"11/15/2022",5,37.2,36.7,36.7,NA,"N","lg",183.85,NA,"",NA,36.8666666666667,"nov22","Ami",NA,68.4103272335002,68410.3272335002,-47.7423786840176,-0.000697882624081915,0.988630340680939,0.677759832828591,2.88512522059543e-90,4.22347845603937e-24,NA,NA,"A. laurensis"
"516","MD48",319.628703703704,"15:04:50",319.62974537037,"f0007","s","2",NA,NA,NA,"11/16/2022",6,38.9,39.1,38.8,NA,"N","lg",183.85,NA,"Extender",NA,38.9333333333333,"nov22","Copto",NA,284.362499736091,284362.499736091,-84.5415128960939,-0.000297301905049205,0.99661947562851,0.91128231391031,3.09543003518955e-114,1.18962670475386e-49,NA,NA,"C. acinaciformis"
"522","MD50",319.431770833333,"10:21:15",319.4328125,"f0002","s","2",NA,NA,NA,"11/16/2022",6,44.3,45.3,45,NA,"N","lg",183.85,NA,"Extender",NA,44.8666666666667,"nov22","Nasuti",NA,116.467266475265,116467.266475265,-27.17364007349,-0.000233315685135111,0.996202153998509,0.239253042548297,6.17993895464236e-112,6.52308156973606e-07,NA,NA,"N. magnus"
"528","MD52",319.520833333333,"12:29:30",319.521875,"f0004","s","2",NA,NA,NA,"11/16/2022",6,51.8,56.2,55.7,NA,"N","lg",183.85,NA,"Extender",NA,54.5666666666667,"nov22","Nasuti",NA,158.959543335144,158959.543335144,-85.9739050033843,-0.000540854000958724,0.996994884696724,0.914819383405019,7.96375843178319e-118,5.41308743127528e-51,NA,NA,"N. magnus"
"533","MD54",319.494212962963,"11:51:10",319.49525462963,"f0003","s","2",NA,NA,NA,"11/16/2022",5,47.8,49,48.1,NA,"N","lg",183.85,NA,"",NA,48.3,"nov22","Ami",NA,144.747909586696,144747.909586696,27.5079953171959,0.000190040708675797,0.99489777221177,0.578354824447381,4.2207146058365e-106,9.37307309718757e-19,NA,NA,"A. laurensis"
"544","MD56",318.599826388889,"14:23:15",318.600868055556,"f0006","s","2",NA,NA,NA,"11/15/2022",6,40.7,39.8,39.7,NA,"N","lg",183.85,NA,"Extender",NA,40.0666666666667,"nov22","Nasuti",NA,73.5128834136252,73512.8834136252,34.9999019945352,0.000476105688816556,0.988151821147734,0.680286790420859,1.88324283198888e-89,2.94658104600981e-24,NA,NA,"N. magnus"
"550","MD57",318.586805555556,"14:04:30",318.587847222222,"f0006","s","2",NA,NA,NA,"11/15/2022",6,44.7,43,42.8,NA,"N","lg",183.85,NA,"",NA,43.5,"nov22","Nasuti",NA,92.3238111180175,92323.8111180175,8.07462175304362,8.7459796722666e-05,0.989678740994295,0.0970313370128075,3.53400570875005e-92,0.00237085494860466,NA,NA,"N. magnus"
"556","MD58",318.498611111111,"11:57:30",318.499652777778,"f0005","s","2",NA,NA,NA,"11/15/2022",6,42.8,41,41.7,NA,"N","lg",183.85,NA,"Extender",NA,41.8333333333333,"nov22","Nasuti",NA,123.931334466094,123931.334466094,14.5190913284513,0.000117154320906821,0.994705248122257,0.226873390224405,2.27682477134163e-105,1.39330536366758e-06,NA,NA,"N. magnus"
"562","MD59",319.5875,"14:05:30",319.588541666667,"f0005","s","2",NA,NA,NA,"11/16/2022",6,38.3,39.2,39,NA,"N","lg",183.85,NA,"Extender",NA,38.8333333333333,"nov22","Copto",NA,383.744440208311,383744.440208311,-5.42717816185194,-1.41426887094595e-05,0.997861115845813,0.00452309717523827,2.78741531575452e-123,0.521829474387534,NA,NA,"C. acinaciformis"
"568","MD63",319.405729166667,"09:43:45",319.406770833333,"f0001","s","2",NA,NA,NA,"11/16/2022",6,41.3,41.6,40.7,NA,"N","lg",183.85,NA,"Extender",NA,41.2,"nov22","Copto",NA,132.648807328137,132648.807328137,-39.9565908954925,-0.000301220883175005,0.99504000049254,0.58742793017691,1.16599596102979e-106,3.45755807639344e-19,NA,NA,"C. acinaciformis"
"574","MD65",319.608564814815,"14:35:50",319.609606481481,"f0006","s","2",NA,NA,NA,"11/16/2022",6,53.8,58.4,58.2,NA,"N","lg",183.85,NA,"Extender",NA,56.8,"nov22","Nasuti",NA,207.790103158563,207790.103158563,-69.1002364439156,-0.000332548256117789,0.998394255654671,0.875707100094658,6.02343162904009e-129,5.58076929526015e-43,NA,NA,"N. magnus"
"576","MD55",318.625462962963,"15:00:10",318.62650462963,"f0007","s","2",NA,NA,NA,"11/15/2022",6,42.3,40.6,41.3,NA,"N","lg",183.85,NA,"Extender",NA,41.4,"nov22","Copto",NA,103.089010473032,103089.010473032,29.1170677532626,0.000282445894277738,0.983151025445314,0.39295663638935,6.32866375890213e-63,4.964249116972e-09,NA,NA,"C. acinaciformis"
"581","MD10",220.407291666667,"10:46:00",220.408333333333,"f0002","s","2",NA,NA,NA,"8/9/2023",5,29.2,29.2,28.2,NA,"N","lg",183.85,NA,"",NA,28.8666666666667,"aug23","Ami",NA,167.67713641746,167677.13641746,-34.6477231221863,-0.000206633556980154,0.9958128893853,0.591796897276434,5.23871200040305e-110,2.12249570193203e-19,"",NA,"A. laurensis"
"591","MD15",220.328935185185,"8:53:10",220.329976851852,"f0000","s","2",NA,NA,NA,"8/9/2023",5,25.3,23.7,23.4,NA,"N","lg",183.85,NA,"",NA,24.1333333333333,"aug23","Ami",NA,135.851968724084,135851.968724084,-172.807541388613,-0.00127202824524086,0.991174980335429,0.957078144433856,2.83905012282055e-95,5.21692546829052e-64,"temperature sensor acting up",NA,"A. laurensis"
"647","MD48",219.410648148148,"10:50:50",219.411689814815,"f0004","s","2",NA,NA,NA,"8/8/2023",6,25.9,22.2,21.9,NA,"N","lg",183.85,NA,"Extender",NA,23.3333333333333,"aug23","Copto",NA,423.363380237927,423363.380237927,-63.9065953325051,-0.0001509497474642,0.998031437974618,0.700573834732295,6.3889448787242e-125,1.47132582018379e-25,"",NA,"C. acinaciformis"
"653","MD50",219.4359375,"11:27:15",219.436979166667,"f0005","s","2",NA,NA,NA,"8/8/2023",6,29.2,29,28.8,NA,"N","lg",183.85,NA,"Extender",NA,29,"aug23","Nasuti",NA,229.422978002467,229422.978002467,4.45402122305842,1.94140153782265e-05,0.997921544657597,0.017774494288321,7.56606544048289e-124,0.202660418988223,"",NA,"N. magnus"
"659","MD52",219.614756944444,"15:44:45",219.615798611111,"f0011","s","2",NA,NA,NA,"8/8/2023",6,30.3,30.3,30.3,NA,"N","lg",183.85,NA,"Extender",NA,30.3,"aug23","Nasuti",NA,168.241981905751,168241.981905751,-37.5596121225877,-0.000223247561025693,0.997658259485006,0.600647065650945,1.72083186124605e-121,7.77324115053193e-20,"",NA,"N. magnus"
"664","MD54",219.532465277778,"13:46:15",219.533506944444,"f0008","s","2",NA,NA,NA,"8/8/2023",5,27,26.9,26.8,NA,"N","lg",183.85,NA,"Extender",NA,26.9,"aug23","Ami",NA,122.338844265683,122338.844265683,33.2614268293637,0.000271879524684163,0.995643173805365,0.58453132120066,3.19447635599136e-109,4.76491366348908e-19,"",NA,"A. laurensis"
"680","MD59",219.588078703704,"15:06:20",219.58912037037,"f0010","s","2",NA,NA,NA,"8/8/2023",6,30.8,30.9,30.9,NA,"N","lg",183.85,NA,"Extender",NA,30.8666666666667,"aug23","Copto",NA,424.32559062526,424325.59062526,4.64681365349234,1.09510568208839e-05,0.999102924108599,0.0151856006290071,5.61305482923199e-142,0.236694905493672,"",NA,"C. acinaciformis"
"691","MD63",219.383506944444,"10:11:45",219.384548611111,"f0003","s","2",NA,NA,NA,"8/8/2023",6,23.8,22.2,21.9,NA,"N","lg",183.85,NA,"Extender",NA,22.6333333333333,"aug23","Copto",NA,172.91556312321,172915.56312321,-13.0350826730252,-7.53840917357862e-05,0.9902307734052,0.0991239152374475,2.89701226751425e-93,0.0021141722376573,"",NA,"C. acinaciformis"
"697","MD65",219.513657407407,"13:19:10",219.514699074074,"f0007","s","2",NA,NA,NA,"8/8/2023",6,32.2,33.4,32.1,NA,"N","lg",183.85,NA,"Extender",NA,32.5666666666667,"aug23","Nasuti",NA,330.482306146454,330482.306146454,-55.888880326869,-0.000169113078937732,0.992250534532184,0.74106358170793,7.66908661700985e-98,1.92738834415085e-28,"",NA,"N. magnus"
"702","MD10",56.5604166666667,"13:26:30",56.5614583333333,"f0002","s","1",NA,NA,NA,"02/26/2024",5,44,43,42.9,NA,"N","lg",183.85,NA,"",NA,43.3,"feb24","Ami",NA,465.87634367599,465876.34367599,30.2687327067104,6.49716026958472e-05,0.997419878119271,0.607977466273624,7.15921270701447e-121,2.07156672301004e-20,"",NA,"A. laurensis"
"708","MD11",56.5847222222222,"14:01:30",56.5857638888889,"f0003","s","1",NA,NA,NA,"02/26/2024",6,39.4,38.9,38.6,NA,"N","lg",183.85,NA,"Extender",NA,38.9666666666667,"feb24","Nasuti",NA,899.305940406958,899305.940406958,368.546350770378,0.000409811983009477,0.999506811351791,0.993993446985065,6.27439951066697e-154,5.45645802877072e-104,"",NA,"N. magnus"
"713","MD15",56.6291087962963,"15:05:25",56.630150462963,"f0004","s","1",NA,NA,NA,"02/26/2024",5,29.1,29,29.1,NA,"N","lg",183.85,NA,"",NA,29.0666666666667,"feb24","Ami",NA,532.494398328949,532494.398328949,-78.2727547903626,-0.000146992635107514,0.999002963848774,0.87596926223882,7.24068541004434e-140,1.77549247604858e-43,"",NA,"A. laurensis"
"719","MD2",56.4252314814815,"10:11:50",56.4262731481481,"f0000","s","1",NA,NA,NA,"02/26/2024",6,36.1,35.7,35.5,NA,"N","lg",183.85,NA,"",NA,35.7666666666667,"feb24","Copto",NA,577.702351529102,577702.351529102,-31.3558538209255,-5.42768325902269e-05,0.994305356964162,0.660116536621584,4.69395526458925e-105,2.8047196305141e-23,"",NA,"C. acinaciformis"
"724","MD22",64.4602430555556,"11:02:15",64.4612847222222,"f0002","s","1",NA,NA,NA,"3/5/2024",5,46,44.4,43.4,NA,"N","lg",183.85,NA,"",NA,44.6,"feb24","Ami",NA,661.527792060959,661527.792060959,-33.1531576700215,-5.01160466240343e-05,0.998816342425731,0.537729983291126,5.66584419673771e-135,6.37928296520413e-17,"",NA,"A. laurensis"
"729","MD24",64.4751736111111,"11:23:45",64.4762152777778,"f0003","s","1",NA,NA,NA,"3/5/2024",5,42.9,42.1,41.6,NA,"N","lg",183.85,NA,"",NA,42.2,"feb24","Ami",NA,501.089801173637,501089.801173637,15.2513692270509,3.04363992069478e-05,0.997465901114981,0.107628383146484,6.24794591120251e-120,0.00132586183215056,"",NA,"A. laurensis"
"735","MD25",66.4599537037037,"11:01:50",66.4609953703704,"f0001","s","1",NA,NA,NA,"3/7/2024",6,39.9,37.6,37.1,NA,"N","lg",183.85,NA,"Extender",NA,38.2,"feb24","Nasuti",NA,202.061263217284,202061.263217284,33.2291018884553,0.000164450629276344,0.997069805509447,0.36954574352714,4.6306091575357e-117,1.03274218341052e-10,"",NA,"N. magnus"
"741","MD26",66.4762731481482,"11:25:20",66.4773148148148,"f0002","s","1",NA,NA,NA,"3/7/2024",6,39.5,39.9,39.9,NA,"N","lg",183.85,NA,"Extender",NA,39.7666666666667,"feb24","Copto",NA,368.729991162106,368729.991162106,-6.44015681460726,-1.74657797547473e-05,0.854212479711465,0.0134587678940794,8.01540992064769e-40,0.268124751564734,"",NA,"C. acinaciformis"
"747","MD27",57.5421875,"13:00:15",57.5432291666667,"f0002","s","1",NA,NA,NA,"02/27/2024",6,50,49.2,48.7,NA,"N","lg",183.85,NA,"Extender",NA,49.3,"feb24","Copto",NA,417.077903430345,417077.903430345,7.69775982687143,1.8456407696403e-05,0.998294298340849,0.062941059902168,9.40110211640546e-128,0.0152826388962233,"",NA,"C. acinaciformis"
"753","MD32",63.6045138888889,"14:30:00",63.6055555555556,"f0006","s","1",NA,NA,NA,"3/4/2024",6,42.8,41.8,41.6,NA,"N","lg",183.85,NA,"",NA,42.0666666666667,"feb24","Nasuti",NA,710.836648557393,710836.648557393,-12.4054798708421,-1.74519418716218e-05,0.998814874121717,0.120921797366707,5.9946266020941e-135,0.000636993301477172,"",NA,"N. magnus"
"758","MD36",64.5247685185185,"12:35:10",64.5258101851852,"f0004","s","1",NA,NA,NA,"3/5/2024",5,42,43.4,43.4,NA,"N","lg",183.85,NA,"not very alive looking, 3/4 negative fluxes",NA,42.9333333333333,"feb24","Ami",NA,925.306769561447,925306.769561447,-4.39254521675417,-4.74712318254846e-06,0.99850642052603,0.0033306321526736,2.23322854016524e-130,0.582674780485872,"",NA,"A. laurensis"
"763","MD37",64.4201388888889,"10:04:30",64.4211805555556,"f0000","s","1",NA,NA,NA,"3/5/2024",5,41,41.6,41.9,NA,"N","lg",183.85,NA,"",NA,41.5,"feb24","Ami",NA,786.951320429257,786951.320429257,14.347468967127,1.82317109008737e-05,0.998843419129132,0.177399199763163,1.97688037299653e-135,2.62036817065347e-05,"",NA,"A. laurensis"
"768","MD42",64.4357060185185,"10:26:55",64.4367476851852,"f0001","s","1",NA,NA,NA,"3/5/2024",5,42.8,44.5,43.6,NA,"N","lg",183.85,NA,"",NA,43.6333333333333,"feb24","Ami",NA,256.55705595292,256557.05595292,19.444719911466,7.57910159174661e-05,0.988914682655107,0.1377241348487,9.1124353780402e-91,0.00025009808559917,"",NA,"A. laurensis"
"774","MD48",63.5607060185185,"13:26:55",63.5617476851852,"f0005","s","1",NA,NA,NA,"3/4/2024",6,37,36.4,36.4,NA,"N","lg",183.85,NA,"Extender",NA,36.6,"feb24","Copto",NA,1176.39239074241,1176392.39074241,-28.5866709865946,-2.43002855267993e-05,0.996658814728076,0.47682759954728,1.81724200907258e-114,1.88538963697263e-14,"",NA,"C. acinaciformis"
"780","MD50",63.4792824074074,"11:29:40",63.4803240740741,"f0003","s","1",NA,NA,NA,"3/4/2024",6,43.9,45.1,46.1,NA,"N","lg",183.85,NA,"Extender",NA,45.0333333333333,"feb24","Nasuti",NA,349.351759075211,349351.759075211,125.73313019626,0.000359904099321255,0.99716273583823,0.936025519191743,1.06848790524488e-117,4.06042847082041e-56,"",NA,"N. magnus"
"785","MD54",63.3939814814815,"09:26:50",63.3950231481481,"f0000","s","1",NA,NA,NA,"3/4/2024",5,34.3,33,33,NA,"N","lg",183.85,NA,"",NA,33.4333333333333,"feb24","Ami",NA,236.662019693312,236662.019693312,10.571381929832,4.46686880452189e-05,0.989818872346247,0.0970296634637871,1.89719972911014e-92,0.00237107215573104,"",NA,"A. laurensis"
"791","MD55",57.4503472222222,"10:48:00",57.4513888888889,"f0000","s","1",NA,NA,NA,"02/27/2024",6,38.5,37.4,37.2,NA,"N","lg",183.85,NA,"Extender",NA,37.7,"feb24","Copto",NA,346.254565069629,346254.565069629,33.922384847689,9.7969494902883e-05,0.984453327616382,0.523901078161836,4.4061453236103e-84,2.46988693372291e-16,"mound wall was soft, not very thick, clay-like",NA,"C. acinaciformis"
"797","MD58",57.4888310185185,"11:43:25",57.4898726851852,"f0001","s","1",NA,NA,NA,"02/27/2024",6,45.5,44.7,44.3,NA,"N","lg",183.85,NA,"Extender",NA,44.8333333333333,"feb24","Nasuti",NA,424.104658890207,424104.658890207,16.7694204674929,3.95407598477578e-05,0.996706800319711,0.239990627126423,9.40912140079647e-115,6.23258523755266e-07,"",NA,"N. magnus"
"803","MD59",66.4136574074074,"09:55:10",66.4146990740741,"f0000","s","1",NA,NA,NA,"3/7/2024",6,38.9,37.3,37,NA,"N","lg",183.85,NA,"Extender",NA,37.7333333333333,"feb24","Copto",NA,442.151479024204,442151.479024204,-14.1367747484111,-3.19726958272534e-05,0.999353980163243,0.137096752575666,6.13126269280363e-147,0.000259032544095863,"",NA,"C. acinaciformis"
"809","MD61",63.4219907407407,"10:07:10",63.4230324074074,"f0001","s","1",NA,NA,NA,"3/4/2024",6,35.5,33.5,33.5,NA,"N","lg",183.85,NA,"Extender",NA,34.1666666666667,"feb24","Nasuti",NA,396.85534315151,396855.34315151,753.074572622624,0.00189760472075871,0.997578296312568,0.992889485666341,7.92952330959782e-121,1.5284055945472e-99,"damaged by humans",NA,"N. magnus"
"815","MD63",63.5309027777778,"12:44:00",63.5319444444444,"f0004","s","1",NA,NA,NA,"3/4/2024",6,37.3,37.3,38.3,NA,"N","lg",183.85,NA,"Extender",NA,37.6333333333333,"feb24","Copto",NA,1424.68075342057,1424680.75342057,-16.9282950727125,-1.18821673080574e-05,0.999215144009476,0.25774499770703,4.308608900119e-143,2.05703561229675e-07,"",NA,"C. acinaciformis"
"821","MD65",63.4554976851852,"10:55:25",63.4565393518519,"f0002","s","1",NA,NA,NA,"3/4/2024",6,37.8,36.3,36.1,NA,"N","lg",183.85,NA,"Extender",NA,36.7333333333333,"feb24","Nasuti",NA,766.41800281676,766418.00281676,-29.9588612518776,-3.90894539817332e-05,0.998207013005656,0.589984325642986,9.1068339463293e-127,2.60039134411511e-19,"",NA,"N. magnus"
"827","MD9",56.4916666666667,"11:47:30",56.4927083333333,"f0001","s","1",NA,NA,NA,"02/26/2024",6,36.7,36,35.9,NA,"N","lg",183.85,NA,"Extender",NA,36.2,"feb24","Copto",NA,678.036332985884,678036.332985884,-57.1819914492931,-8.43347010586873e-05,0.997517081797118,0.844139688953305,2.46913163618779e-120,1.68510909914325e-38,"mainly dead mound. 2/5 positive fluxes. termites found. moss on exterior ",NA,"C. acinaciformis"
