"sample","Time_start","flux.CO2","flux.CO2_umol","flux.CH4","CH4_CO2","R2.CO2","R2.CH4","p.CO2","p.CH4","fDOY_end","flux_source","position","flux_start","measurement_day_actual","tag","t0","t1","t2","t3","file","directon","chamber","chamber_SA_cm2","soil_moisture","notes","fieldnotes","time_of_day","avg_respT","campaign","species","species_s"
"DM1",226.476736111111,60.0509757087699,60050.9757087699,128.883896274988,0.00214624150155425,0.996521653964646,0.989638420932179,1.13351769476853e-113,4.22006979668038e-92,226.477777777778,"m","mid","12:26:00","8/15/2023",1,33.3,32.8,32.6,NA,"f0000","N","sm",47.78,NA,"","","midday",32.9,"aug23","Ami","A. laurensis"
"DM1",226.478703703704,56.861641915192,56861.641915192,308.48474380152,0.00542518178179974,0.997676092669275,0.997990849604267,1.21527980924591e-121,1.61703694283276e-124,226.47974537037,"m","low","12:28:50","8/15/2023",2,31.4,30.8,30.3,NA,"f0000","E","sm",47.78,NA,"","","midday",30.8333333333333,"aug23","Ami","A. laurensis"
"DM1",226.480497685185,63.5633198044917,63563.3198044917,90.2870721598572,0.00142042725958245,0.987863616653256,0.990806096360812,6.15981877178614e-90,1.74512450699542e-95,226.481539351852,"m","mid","12:31:25","8/15/2023",3,28.3,29.1,29.4,NA,"f0000","S","sm",47.78,NA,"","","midday",28.9333333333333,"aug23","Ami","A. laurensis"
"DM1",226.482233796296,-11.6489071143703,-11648.9071143703,119.035567282584,-0.010218603866773,0.806257691438876,0.989576290214138,3.43231837480919e-34,5.53946245035891e-92,226.483275462963,"m","low","12:33:55","8/15/2023",4,30.3,30.8,30.8,NA,"f0000","W","sm",47.78,NA,"","","midday",30.6333333333333,"aug23","Ami","A. laurensis"
"DM1",226.668865740741,44.277337022436,44277.337022436,40.0122986481087,0.000903674460544767,0.995730868175399,0.964370590545656,1.26644254954204e-109,1.08698694360322e-67,226.669907407407,"m","mid","17:02:40","8/15/2023",1,33.6,33.6,32.4,32.3,"f0001","N","sm",47.78,NA,"","took extra min temp - cut out first minute","afternoon",33.2,"aug23","Ami","A. laurensis"
"DM1",226.671354166667,44.4598648568118,44459.8648568118,240.111447285287,0.00540063376392605,0.994461627393245,0.997771974346779,1.76317335534708e-104,1.78677020107218e-122,226.672395833333,"m","low","17:06:15","8/15/2023",2,30.5,30.6,30.5,NA,"f0001","E","sm",47.78,NA,"","","afternoon",30.5333333333333,"aug23","Ami","A. laurensis"
"DM1",227.210185185185,33.2051418854834,33205.1418854834,-1.59881539128547,-4.81496328731075e-05,0.987198218253453,0.0256636023759495,6.37922042213359e-88,0.125046767931484,227.211226851852,"m","mid","6:02:10","8/16/2023",1,11.2,11.4,11.5,NA,"f0000","N","sm",47.78,NA,"","","morning",11.3666666666667,"aug23","Ami","A. laurensis"
"DM1",226.877777777778,23.4542035154124,23454.2035154124,6.32968386170056,0.00026987417660724,0.975959413103527,0.153417317864139,1.81717155529794e-75,0.000103381477045256,226.878819444444,"m","mid","22:03:30","8/15/2023",1,20.8,20,19.9,NA,"f0002","N","sm",47.78,NA,"","","night",20.2333333333333,"aug23","Ami","A. laurensis"
"DM1",227.211979166667,10.9834512971488,10983.4512971488,26.33618520318,0.00239780598016733,0.942883136902844,0.833908941429036,2.32537350294505e-58,3.05841333454746e-37,227.213020833333,"m","low","6:04:45","8/16/2023",2,11.5,11.5,11.6,NA,"f0000","E","sm",47.78,NA,"","","morning",11.5333333333333,"aug23","Ami","A. laurensis"
"DM1",226.87974537037,31.2212277238104,31221.2277238104,59.9423067402794,0.00191992151207319,0.988131742340403,0.955293098248924,2.0340880191219e-89,3.33413192291998e-63,226.880787037037,"m","low","22:06:20","8/15/2023",2,19.1,19.1,19.1,NA,"f0002","E","sm",47.78,NA,"","","night",19.1,"aug23","Ami","A. laurensis"
"DM1",226.673206018519,55.9086448245628,55908.6448245628,24.7140963791176,0.000442044275204105,0.99338127663689,0.904144912159689,4.74123873433075e-102,1.24324385619696e-48,226.674247685185,"m","mid","17:08:55","8/15/2023",3,30,29.7,29.7,NA,"f0001","S","sm",47.78,NA,"","","afternoon",29.8,"aug23","Ami","A. laurensis"
"DM1",226.675173611111,36.4437020615622,36443.7020615622,116.285974842215,0.00319083869815915,0.969544903159521,0.980338935424634,1.49209457347989e-71,2.68539792034016e-80,226.676215277778,"m","low","17:11:45","8/15/2023",4,29.7,30.1,30.1,NA,"f0001","W","sm",47.78,NA,"","","afternoon",29.9666666666667,"aug23","Ami","A. laurensis"
"DM1",226.881770833333,34.4142478094607,34414.2478094607,10.4864986456512,0.000304713870362972,0.982467661949133,0.471135164350816,1.0463967459344e-81,3.10270871222024e-14,226.8828125,"m","mid","22:09:15","8/15/2023",3,18.9,18.8,18.9,NA,"f0002","S","sm",47.78,NA,"","","night",18.8666666666667,"aug23","Ami","A. laurensis"
"DM1",226.883796296296,25.0130956005377,25013.0956005377,27.4123086464322,0.0010959182775379,0.983409537075134,0.900085947508989,1.08620576975059e-83,8.39527746002918e-48,226.884837962963,"m","low","22:12:10","8/15/2023",4,19,19,19.2,NA,"f0002","W","sm",47.78,NA,"","","night",19.0666666666667,"aug23","Ami","A. laurensis"
"DM1",227.214930555556,30.0036960905195,30003.6960905195,0.916196836082907,3.0536132392449e-05,0.9886026387922,0.00577076390835549,3.22298123057389e-90,0.469235272426084,227.215972222222,"m","mid","6:09:00","8/16/2023",3,11.5,11.5,11.5,NA,"f0000","S","sm",47.78,NA,"","","morning",11.5,"aug23","Ami","A. laurensis"
"DM1",227.216840277778,10.5510653078077,10551.0653078077,2.13599211158422,0.000202443265136801,0.929734471779827,0.020838743319123,2.9071666398025e-54,0.16742150958011,227.217881944444,"m","low","6:11:45","8/16/2023",4,11.2,11.2,11.2,NA,"f0000","W","sm",47.78,NA,"","","morning",11.2,"aug23","Ami","A. laurensis"
"DM2",226.484143518519,45.4179948979867,45417.9948979867,188.818058913936,0.00415734026431682,0.988708382200384,0.995302917325483,2.10884455095429e-90,9.7815999687064e-108,226.485185185185,"m","mid","12:36:40","8/15/2023",1,32.9,33.5,33.5,NA,"f0000","N","sm",47.78,NA,"","","midday",33.3,"aug23","Ami","A. laurensis"
"DM2",226.48587962963,162.08895446682,162088.95446682,3144.31836132977,0.0193987207312971,0.996528102877501,0.997972367524324,6.1049225122869e-115,1.0985057880067e-125,226.486921296296,"m","low","12:39:10","8/15/2023",2,33.3,32.6,32.3,NA,"f0000","E","sm",47.78,NA,"","","midday",32.7333333333333,"aug23","Ami","A. laurensis"
"DM2",226.677199074074,42.5472856696616,42547.2856696616,168.00515793118,0.00394866923440374,0.992485715293508,0.992987454476517,1.88676008169695e-98,8.12953074139395e-100,226.678240740741,"m","mid","17:14:40","8/15/2023",1,30.4,30.8,30.8,NA,"f0001","N","sm",47.78,NA,"","","afternoon",30.6666666666667,"aug23","Ami","A. laurensis"
"DM2",226.678993055556,155.198031645867,155198.031645867,3775.93320671504,0.0243297751052089,0.997738627166423,0.997849152805686,3.51269997293215e-122,3.59268067108482e-123,226.680034722222,"m","low","17:17:15","8/15/2023",2,30.1,29.9,29.8,NA,"f0001","E","sm",47.78,NA,"","","afternoon",29.9333333333333,"aug23","Ami","A. laurensis"
"DM2",226.885763888889,21.0525193036338,21052.5193036338,25.8128035955016,0.00122611470975097,0.955572037784383,0.893969483546832,5.25670825207906e-64,1.29562316110917e-46,226.886805555556,"m","mid","22:15:00","8/15/2023",1,19.8,19.8,19.9,NA,"f0002","N","sm",47.78,NA,"","","night",19.8333333333333,"aug23","Ami","A. laurensis"
"DM2",226.887673611111,59.2873187770598,59287.3187770598,1011.163372645,0.0170553061515113,0.995094331337741,0.998541798855286,7.06382230827337e-107,7.50290786734816e-131,226.888715277778,"m","low","22:17:45","8/15/2023",2,19.3,19.3,19.4,NA,"f0002","E","sm",47.78,NA,"","","night",19.3333333333333,"aug23","Ami","A. laurensis"
"DM2",226.487673611111,77.7144244087522,77714.4244087522,-4.73667803088824,-6.09497923573992e-05,0.988014484981177,0.107799778908599,3.18176321013106e-89,0.00131343006579394,226.488715277778,"m","mid","12:41:45","8/15/2023",3,32.2,32.1,31.9,NA,"f0000","S","sm",47.78,NA,"","","midday",32.0666666666667,"aug23","Ami","A. laurensis"
"DM2",226.489525462963,121.943826667259,121943.826667259,2400.46015937291,0.0196849666356863,0.997617442740148,0.998230229976785,3.77750791880853e-121,5.03290359212757e-127,226.49056712963,"m","low","12:44:25","8/15/2023",4,31.7,31.7,31.7,NA,"f0000","W","sm",47.78,NA,"","","midday",31.7,"aug23","Ami","A. laurensis"
"DM2",227.21880787037,37.4199460541136,37419.9460541136,2.46015099828088,6.57443758663686e-05,0.930986337070556,0.0373494180162418,1.28219825711575e-54,0.0634443742219262,227.219849537037,"m","mid","6:14:35","8/16/2023",1,10.6,10.9,11,NA,"f0000","N","sm",47.78,NA,"","","morning",10.8333333333333,"aug23","Ami","A. laurensis"
"DM2",227.220717592593,31.6231179657414,31623.1179657414,302.973930610588,0.00958077350053881,0.994089106677007,0.996014673797234,3.40959566185618e-103,5.53580795639277e-111,227.221759259259,"m","low","6:17:20","8/16/2023",2,11.2,11.4,11.4,NA,"f0000","E","sm",47.78,NA,"","","morning",11.3333333333333,"aug23","Ami","A. laurensis"
"DM2",226.681076388889,36.0238456220807,36023.8456220807,12.3112265864247,0.000341752147052245,0.992389278775264,0.507779098413931,2.92467104367239e-99,7.96195731758397e-16,226.682118055556,"m","mid","17:20:15","8/15/2023",3,29.6,28.5,28.6,NA,"f0001","S","sm",47.78,NA,"","","afternoon",28.9,"aug23","Ami","A. laurensis"
"DM2",226.68287037037,157.320153118767,157320.153118767,3122.67417584909,0.0198491681704102,0.998150445787863,0.998556309222862,3.74258000932922e-126,4.76001722319669e-131,226.683912037037,"m","low","17:22:50","8/15/2023",4,29.4,29.6,29.7,NA,"f0001","W","sm",47.78,NA,"","","afternoon",29.5666666666667,"aug23","Ami","A. laurensis"
"DM2",226.889641203704,22.4334663610797,22433.4663610797,-7.39144379985856,-0.000329482910972784,0.973316032058486,0.420625770622183,2.09587349162371e-73,2.07828861561411e-12,226.89068287037,"m","mid","22:20:35","8/15/2023",3,19.4,19.4,19.4,NA,"f0002","S","sm",47.78,NA,"","","night",19.4,"aug23","Ami","A. laurensis"
"DM2",226.891493055556,73.4619638610431,73461.9638610431,1036.34958075827,0.0141072947997766,0.995848945718054,0.998537324571249,3.53441747496744e-110,8.62521094344134e-131,226.892534722222,"m","low","22:23:15","8/15/2023",4,19.4,19.5,19.6,NA,"f0002","W","sm",47.78,NA,"","","night",19.5,"aug23","Ami","A. laurensis"
"DM2",227.222511574074,23.4460640903753,23446.0640903753,-6.92627224518484,-0.000295413004864561,0.953541528089754,0.249582041687711,1.91771092527684e-62,3.43432908493375e-07,227.223553240741,"m","mid","6:19:55","8/16/2023",3,10.7,10.9,10.9,NA,"f0000","S","sm",47.78,NA,"","","morning",10.8333333333333,"aug23","Ami","A. laurensis"
"DM2",227.224363425926,29.6249666910678,29624.9666910678,223.818507895269,0.0075550636133796,0.991307100462932,0.995871676403971,1.42913507642859e-95,2.75302417506793e-110,227.225405092593,"m","low","6:22:35","8/16/2023",4,11.2,11.3,11.3,NA,"f0000","W","sm",47.78,NA,"","","morning",11.2666666666667,"aug23","Ami","A. laurensis"
"DM3",226.491550925926,73.0861764827515,73086.1764827515,21.0258797018178,0.000287686135924486,0.992138524268038,0.751231129571163,1.47346110080825e-97,3.09403934166477e-29,226.492592592593,"m","mid","12:47:20","8/15/2023",1,34.2,34.5,34.6,NA,"f0000","N","sm",47.78,NA,"","","midday",34.4333333333333,"aug23","Ami","A. laurensis"
"DM3",226.493460648148,57.1860367936148,57186.0367936148,203.226521967036,0.00355377874323558,0.987490682029105,0.994354451184911,2.22859361962149e-88,4.2175452241881e-104,226.494502314815,"m","low","12:50:05","8/15/2023",2,34.4,34.4,34.4,NA,"f0000","E","sm",47.78,NA,"","","midday",34.4,"aug23","Ami","A. laurensis"
"DM3",226.684953703704,56.1328659274519,56132.8659274519,1.33226488964068,2.37341327158059e-05,0.994008628543243,0.0163583029345805,4.85680226171928e-104,0.219261782799125,226.68599537037,"m","mid","17:25:50","8/15/2023",1,27.7,27.9,27.9,NA,"f0001","N","sm",47.78,NA,"","","afternoon",27.8333333333333,"aug23","Ami","A. laurensis"
"DM3",226.894675925926,12.909144687214,12909.144687214,1.08606637099381,8.41315514938427e-05,0.938659868802836,0.0164258433191097,5.98482389114318e-57,0.220838026178723,226.895717592593,"m","mid","22:27:50","8/15/2023",1,18.8,18.9,19,NA,"f0002","N","sm",47.78,NA,"","","night",18.9,"aug23","Ami","A. laurensis"
"DM3",226.896585648148,31.4022642943852,31402.2642943852,47.2403291559161,0.0015043606000209,0.990369305538465,0.958027926194839,1.47629226637649e-94,3.8384371763473e-65,226.897627314815,"m","low","22:30:35","8/15/2023",2,19.4,19.6,19.7,NA,"f0002","E","sm",47.78,NA,"","","night",19.5666666666667,"aug23","Ami","A. laurensis"
"DM3",226.688831018519,62.298000089639,62298.000089639,17.118991827968,0.000274791996586342,0.995479502667879,0.729739365501144,1.71065249064211e-108,1.3615901977554e-27,226.689872685185,"m","mid","17:31:25","8/15/2023",3,27.5,27.7,27.7,NA,"f0001","S","sm",47.78,NA,"","","afternoon",27.6333333333333,"aug23","Ami","A. laurensis"
"DM3",226.49537037037,53.4834074995712,53483.4074995712,19.2879059157989,0.000360633452832143,0.993922782630374,0.787138580713521,1.2052814061356e-102,2.51395819257972e-32,226.496412037037,"m","mid","12:52:50","8/15/2023",3,33.8,33.8,33.8,NA,"f0000","S","sm",47.78,NA,"","","midday",33.8,"aug23","Ami","A. laurensis"
"DM3",226.690740740741,45.4573008700513,45457.3008700513,174.359410676507,0.00383567451958813,0.983180086368099,0.991569355783296,1.58420371111189e-82,3.54559965983902e-96,226.691782407407,"m","low","17:34:10","8/15/2023",4,27.8,27.9,28,NA,"f0001","W","sm",47.78,NA,"","","afternoon",27.9,"aug23","Ami","A. laurensis"
"DM3",226.497280092593,42.4308320107287,42430.8320107287,154.550402908023,0.00364240802228306,0.988418293008623,0.995212680747227,6.68887798484746e-90,2.32514274842681e-107,226.498321759259,"m","low","12:55:35","8/15/2023",4,33.2,33.6,36.9,NA,"f0000","W","sm",47.78,NA,"","","midday",34.5666666666667,"aug23","Ami","A. laurensis"
"DM3",226.89837962963,23.5742250912296,23574.2250912296,0.839391628374296,3.56063295877572e-05,0.98189341441226,0.0109350554670643,4.53598479911366e-81,0.318500705009771,226.899421296296,"m","mid","22:33:10","8/15/2023",3,19.7,20,20,NA,"f0002","S","sm",47.78,NA,"","","night",19.9,"aug23","Ami","A. laurensis"
"DM3",226.900115740741,21.3289959122688,21328.9959122688,38.1707782856759,0.00178961909143221,0.918458687449586,0.943444666213728,2.55251371103235e-51,1.48298237429097e-58,226.901157407407,"m","low","22:35:40","8/15/2023",4,21.5,21.9,22.1,NA,"f0002","W","sm",47.78,NA,"","","night",21.8333333333333,"aug23","Ami","A. laurensis"
"DM3",227.226331018519,30.3192031261308,30319.2031261308,-1.84707786444129,-6.09210557664484e-05,0.990293172868985,0.0198999188227014,2.1642905150901e-93,0.177414739377307,227.227372685185,"m","mid","6:25:25","8/16/2023",1,10.5,10.4,10.4,NA,"f0000","N","sm",47.78,NA,"","","morning",10.4333333333333,"aug23","Ami","A. laurensis"
"DM3",227.228240740741,16.3307921584817,16330.7921584817,2.75559122135889,0.000168735918908118,0.96645616863631,0.0381629361753526,1.27144438360158e-69,0.0591734459049116,227.229282407407,"m","low","6:28:10","8/16/2023",2,9.8,9.8,9.8,NA,"f0000","E","sm",47.78,NA,"","","morning",9.8,"aug23","Ami","A. laurensis"
"DM3",227.230150462963,21.6780375287425,21678.0375287425,-0.929925601256422,-4.28971303340282e-05,0.984159258393637,0.00465177518165012,1.29399455933244e-84,0.51364337197179,227.23119212963,"m","mid","6:30:55","8/16/2023",3,10,10,10,NA,"f0000","S","sm",47.78,NA,"","","morning",10,"aug23","Ami","A. laurensis"
"DM3",227.232060185185,25.8787101182693,25878.7101182693,7.14337111662561,0.00027603273439748,0.969874368944526,0.173904823598151,5.23984646172328e-71,3.20637696043319e-05,227.233101851852,"m","low","6:33:40","8/16/2023",4,10.2,10.4,10.5,NA,"f0000","W","sm",47.78,NA,"","","morning",10.3666666666667,"aug23","Ami","A. laurensis"
"DM4",227.459722222222,577.622294064058,577622.294064058,9144.49959593787,0.0158312788303212,0.998587907595105,0.998965549253358,1.73899505612419e-131,1.23237498259789e-137,227.460763888889,"m","mid","12:01:30","8/16/2023",1,34,34.8,34,NA,"f0001","N","med",83.32,NA,"Extender","","midday",34.2666666666667,"aug23","Nasuti","N. magnus"
"DM4",227.4640625,119.142567911357,119142.567911357,1516.12760498504,0.0127253225405805,0.996573622590575,0.998330950675906,5.71422102790118e-114,3.49887549719631e-128,227.465104166667,"m","mid","12:07:45","8/16/2023",3,36.7,36.2,36.2,NA,"f0001","S","med",83.32,NA,"Extender","","midday",36.3666666666667,"aug23","Nasuti","N. magnus"
"DM4",227.467071759259,493.93718293167,493937.18293167,8407.05026229112,0.0170204846948203,0.998594348776793,0.998517597113052,1.41239055170809e-131,1.58674065303744e-130,227.468113425926,"m","low","12:12:05","8/16/2023",4,37.9,37.9,37.8,NA,"f0001","W","med",83.32,NA,"Extender","","midday",37.8666666666667,"aug23","Nasuti","N. magnus"
"DM4",227.468865740741,281.362381824677,281362.381824677,4636.98518983332,0.0164804731882129,0.997203781821335,0.997338588740084,2.89554041665028e-119,2.98252382608736e-120,227.469907407407,"m","top","12:14:40","8/16/2023",5,37.1,36.9,36.1,NA,"f0001","","med",83.32,NA,"Extender","","midday",36.7,"aug23","Nasuti","N. magnus"
"DM4",228.209375,636.794032533597,636794.032533597,9348.17717075557,0.0146800640288072,0.998436237991514,0.998771138872183,7.09657630041747e-131,1.0870673385968e-135,228.210416666667,"m","mid","6:01:00","8/17/2023",1,13.2,13.1,13.2,NA,"f0000","N","med",83.32,NA,"Extender","","morning",13.1666666666667,"aug23","Nasuti","N. magnus"
"DM4",228.211226851852,272.08312772229,272083.12772229,3903.45409451595,0.0143465496269219,0.998271844019189,0.998601594537456,1.70458039134369e-127,1.11642664011335e-131,228.212268518519,"m","low","6:03:40","8/17/2023",2,12.5,12.7,12.8,NA,"f0000","E","med",83.32,NA,"Extender","","morning",12.6666666666667,"aug23","Nasuti","N. magnus"
"DM4",228.213078703704,296.984933440173,296984.933440173,5021.23880474117,0.0169073856595243,0.999216279377717,0.999367062175512,4.03395320286653e-143,2.41706635479198e-147,228.21412037037,"m","mid","6:06:20","8/17/2023",3,12.6,13,13.2,NA,"f0000","S","med",83.32,NA,"Extender","","morning",12.9333333333333,"aug23","Nasuti","N. magnus"
"DM4",228.215046296296,261.999802197026,261999.802197026,3410.08353271546,0.0130155958291566,0.997982317167488,0.998802144725952,1.96093096542032e-124,9.74717662103165e-135,228.216087962963,"m","low","6:09:10","8/17/2023",4,12.8,12.9,12.9,NA,"f0000","W","med",83.32,NA,"Extender","","morning",12.8666666666667,"aug23","Nasuti","N. magnus"
"DM4",228.21712962963,322.481183947288,322481.183947288,5613.74591721126,0.01740797974163,0.999170326697445,0.999529915849622,5.39108755582374e-142,3.20122622063284e-153,228.218171296296,"m","top","6:12:10","8/17/2023",5,12.7,13.1,13.4,NA,"f0000","","med",83.32,NA,"Extender","","morning",13.0666666666667,"aug23","Nasuti","N. magnus"
"DM4",227.672627314815,864.828819983536,864828.819983536,16061.1781437604,0.0185715112316287,0.998817517250603,0.998724407905691,5.41553909670955e-135,1.70366907272314e-133,227.673668981481,"m","low","17:08:05","8/16/2023",4,29.3,29.2,29.2,NA,"f0003","W","med",83.32,NA,"Extender","","afternoon",29.2333333333333,"aug23","Nasuti","N. magnus"
"DM4",227.6671875,414.662633526427,414662.633526427,6216.43552855428,0.0149915498189159,0.996533599564986,0.997213893374606,9.69273403970874e-114,4.66891447916084e-118,227.668229166667,"m","mid","17:00:15","8/16/2023",1,30.5,30.5,30.5,NA,"f0003","N","med",83.32,NA,"Extender","","afternoon",30.5,"aug23","Nasuti","N. magnus"
"DM4",227.668981481481,187.194967541221,187194.967541221,1984.63305905427,0.0106019573342283,0.994270088424767,0.997640738832927,8.28280685635128e-104,2.41566676064729e-121,227.670023148148,"m","low","17:02:50","8/16/2023",2,28.8,29.1,29.1,NA,"f0003","E","med",83.32,NA,"Extender","","afternoon",29,"aug23","Nasuti","N. magnus"
"DM4",227.670775462963,732.493749649274,732493.749649274,15532.2758802301,0.0212046531286678,0.991660402696175,0.99167915030896,2.16324981395666e-96,1.95267878174563e-96,227.67181712963,"m","mid","17:05:25","8/16/2023",3,29.6,29.3,29.3,NA,"f0003","S","med",83.32,NA,"Extender","","afternoon",29.4,"aug23","Nasuti","N. magnus"
"DM4",227.868518518519,639.532495698145,639532.495698145,10498.6655019811,0.0164161564464684,0.998761643600238,0.999033070710143,4.4255450102009e-134,5.7133574325556e-139,227.869560185185,"m","mid","21:50:10","8/16/2023",1,17.8,15.5,15.4,NA,"f0006","N","med",83.32,NA,"Extender","","night",16.2333333333333,"aug23","Nasuti","N. magnus"
"DM4",227.674479166667,445.990205320746,445990.205320746,10389.5200398385,0.023295399575797,0.979552261934874,0.983086449801605,1.63282030864726e-79,2.63809508356601e-83,227.675520833333,"m","top","17:10:45","8/16/2023",5,28,28.2,28.3,NA,"f0003","","med",83.32,NA,"Extender","","afternoon",28.1666666666667,"aug23","Nasuti","N. magnus"
"DM4",227.874189814815,312.037569165723,312037.569165723,3522.71971072639,0.0112894089008092,0.992820491955139,0.999487530385103,2.37173071611666e-99,1.62642735978714e-151,227.875231481481,"m","low","21:58:20","8/16/2023",4,15.8,16.4,17,NA,"f0006","W","med",83.32,NA,"Extender","","night",16.4,"aug23","Nasuti","N. magnus"
"DM4",227.876273148148,547.314660382034,547314.660382034,10328.9203652813,0.0188719965185503,0.998709259587871,0.999161538485599,2.91521775228102e-133,8.70737120330017e-142,227.877314814815,"m","top","22:01:20","8/16/2023",5,17.1,19.9,20.9,NA,"f0006","","med",83.32,NA,"Extender","","night",19.3,"aug23","Nasuti","N. magnus"
"DM4",227.8703125,370.285558893598,370285.558893598,5969.16843054882,0.0161204461993725,0.998291299028795,0.99871284124214,1.01834668208972e-127,2.56898290738392e-133,227.871354166667,"m","low","21:52:45","8/16/2023",2,15.1,15,15.8,NA,"f0006","E","med",83.32,NA,"Extender","","night",15.3,"aug23","Nasuti","N. magnus"
"DM4",227.872337962963,648.82164725841,648821.64725841,11733.5939965653,0.0180844675052774,0.998753094377759,0.999264359021868,6.05228551285127e-134,2.26298505249144e-144,227.87337962963,"m","mid","21:55:40","8/16/2023",3,14.7,15.5,16.1,NA,"f0006","S","med",83.32,NA,"Extender","","night",15.4333333333333,"aug23","Nasuti","N. magnus"
"DM5",228.219907407407,628.014997149094,628014.997149094,8059.07338392519,0.0128326129479547,0.995332413761906,0.996320588530071,7.34382398625859e-108,1.46192387481859e-112,228.220949074074,"m","mid","6:16:10","8/17/2023",1,12.6,13.1,13.2,NA,"f0000","N","med",83.32,NA,"Extender","","morning",12.9666666666667,"aug23","Nasuti","N. magnus"
"DM5",228.227430555556,142.910392844183,142910.392844183,1324.35205739428,0.00926701012457672,0.984895799604167,0.996599566525216,1.18414986091907e-84,4.04352248629611e-114,228.228472222222,"m","low","6:27:00","8/17/2023",4,13.7,13.8,13.9,NA,"f0000","W","med",83.32,NA,"Extender","","morning",13.8,"aug23","Nasuti","N. magnus"
"DM5",228.229398148148,429.432317152851,429432.317152851,7103.78684974066,0.0165422735224936,0.999129153711068,0.999120743784905,4.88371020013958e-141,7.56251077898629e-141,228.230439814815,"m","top","6:29:50","8/17/2023",5,12.9,13.1,13.2,NA,"f0000","","med",83.32,NA,"Extender","","morning",13.0666666666667,"aug23","Nasuti","N. magnus"
"DM5",228.221990740741,477.95796979061,477957.96979061,5519.15551183044,0.0115473657950475,0.999463459786976,0.999568574819686,1.31293711337645e-150,6.44937637963194e-155,228.223032407407,"m","low","6:19:10","8/17/2023",2,13.2,13.5,13.6,NA,"f0000","E","med",83.32,NA,"Extender","","morning",13.4333333333333,"aug23","Nasuti","N. magnus"
"DM5",228.224247685185,376.275041954187,376275.041954187,5956.63450384416,0.0158305330933148,0.998962305562711,0.999266884543336,1.42104753150567e-137,1.93519712427752e-144,228.225289351852,"m","mid","6:22:25","8/17/2023",3,14.4,13.4,13.6,NA,"f0000","S","med",83.32,NA,"Extender","","morning",13.8,"aug23","Nasuti","N. magnus"
"DM5",227.885474537037,193.936118655061,193936.118655061,1619.20630961598,0.00834917353634335,0.997300427158072,0.998915612718021,1.11102907634028e-118,1.05280442979009e-136,227.886516203704,"m","low","22:14:35","8/16/2023",4,16.2,16.5,16.9,NA,"f0006","W","med",83.32,NA,"Extender","","night",16.5333333333333,"aug23","Nasuti","N. magnus"
"DM5",227.687037037037,484.708430720752,484708.430720752,7753.38500022336,0.0159959771871396,0.998158312443877,0.999338738267433,3.08278924530196e-126,1.77156094181533e-146,227.688078703704,"m","mid","17:28:50","8/16/2023",3,27.7,26.9,27.6,NA,"f0005","S","med",83.32,NA,"Extender","","afternoon",27.4,"aug23","Nasuti","N. magnus"
"DM5",227.688773148148,385.684474008474,385684.474008474,4340.51952274386,0.0112540685852148,0.991083126720315,0.993906065586612,4.54780976420179e-95,1.36575806003428e-102,227.689814814815,"m","low","17:31:20","8/16/2023",4,26.8,27.1,27.3,NA,"f0005","W","med",83.32,NA,"Extender","","afternoon",27.0666666666667,"aug23","Nasuti","N. magnus"
"DM5",227.690625,400.065354013375,400065.354013375,7631.02951200762,0.0190744572991754,0.998877816824754,0.999166500223852,5.0045566305092e-136,6.64665485143703e-142,227.691666666667,"m","top","17:34:00","8/16/2023",5,26,26.4,26.8,NA,"f0005","","med",83.32,NA,"Extender","","afternoon",26.4,"aug23","Nasuti","N. magnus"
"DM5",227.678877314815,558.21476735284,558214.76735284,7626.33629988817,0.013662011014244,0.999124407474317,0.999289406638335,6.2539653819031e-141,4.67885357022445e-145,227.679918981481,"m","mid","17:17:05","8/16/2023",1,28.8,28.8,28.6,NA,"f0004","N","med",83.32,NA,"Extender","LGR blipped out, check and make sure data recorded ok","afternoon",28.7333333333333,"aug23","Nasuti","N. magnus"
"DM5",227.88744212963,588.756324037305,588756.324037305,11481.0247629528,0.0195004695392883,0.999337059350312,0.999561113794772,1.98821677526967e-146,1.40712405967519e-154,227.888483796296,"m","top","22:17:25","8/16/2023",5,16.4,17,17.5,NA,"f0006","","med",83.32,NA,"Extender","","night",16.9666666666667,"aug23","Nasuti","N. magnus"
"DM5",227.879456018519,821.796400034262,821796.400034262,11577.6553648552,0.0140882283791612,0.998324855200735,0.998502798578076,1.68124336296017e-129,9.59566491583324e-132,227.880497685185,"m","mid","22:05:55","8/16/2023",1,22.1,18.7,18.5,NA,"f0006","N","med",83.32,NA,"Extender","","night",19.7666666666667,"aug23","Nasuti","N. magnus"
"DM5",227.881423611111,617.566064840858,617566.064840858,8144.80440188532,0.0131885556308606,0.999490542424647,0.999551389287199,2.79218020197391e-153,8.03461071710479e-156,227.882465277778,"m","low","22:08:45","8/16/2023",2,16.9,16.8,17.1,NA,"f0006","E","med",83.32,NA,"Extender","","night",16.9333333333333,"aug23","Nasuti","N. magnus"
"DM5",227.883449074074,563.699501462147,563699.501462147,9188.15044644378,0.0162997313685947,0.995739482204128,0.996425821233163,1.15523911882993e-109,3.90397783581178e-113,227.884490740741,"m","mid","22:11:40","8/16/2023",3,16,16.6,18.3,NA,"f0006","S","med",83.32,NA,"Extender","","night",16.9666666666667,"aug23","Nasuti","N. magnus"
"DM5",227.685127314815,530.851722684526,530851.722684526,6604.91084159952,0.0124421011731833,0.998968744919025,0.999052714585221,1.07054052491159e-137,2.24546528072478e-139,227.686168981481,"m","low","17:26:05","8/16/2023",2,27.6,27.8,28.3,NA,"f0005","E","med",83.32,NA,"Extender","new LGR file started due to restart","afternoon",27.9,"aug23","Nasuti","N. magnus"
"DM5",227.475810185185,161.405252065914,161405.252065914,1812.16878856971,0.0112274462285135,0.97875904283448,0.98158622374928,6.48944976571175e-78,9.75381897799081e-81,227.476851851852,"m","mid","12:24:40","8/16/2023",3,36.9,36.9,36.6,NA,"f0001","S","med",83.32,NA,"Extender","","midday",36.8,"aug23","Nasuti","N. magnus"
"DM5",227.47806712963,373.926114830953,373926.114830953,3854.60927332845,0.0103084783876918,0.982913156205306,0.997577381569293,3.24340882556932e-82,8.06696003000417e-121,227.479108796296,"m","low","12:27:55","8/16/2023",4,37.4,37.9,37.9,NA,"f0001","W","med",83.32,NA,"Extender","","midday",37.7333333333333,"aug23","Nasuti","N. magnus"
"DM5",227.471759259259,658.986180044189,658986.180044189,9026.85694620134,0.0136980975012193,0.998510542396035,0.999157951205752,7.55922926340964e-132,3.05182015939169e-143,227.472800925926,"m","mid","12:18:50","8/16/2023",1,35.5,36.1,36.4,NA,"f0001","N","med",83.32,NA,"Extender","","midday",36,"aug23","Nasuti","N. magnus"
"DM5",227.473726851852,203.337328888801,203337.328888801,6474.17738607638,0.031839590996186,0.796981777796853,0.985535578918372,1.29892337716316e-33,1.97610799902605e-86,227.474768518519,"m","low","12:21:40","8/16/2023",2,35.6,36.6,36.7,NA,"f0001","E","med",83.32,NA,"Extender","","midday",36.3,"aug23","Nasuti","N. magnus"
"DM5",227.480208333333,330.663069613615,330663.069613615,5517.1695141456,0.0166851699543965,0.992213729081037,0.995308451845265,9.51436381499773e-98,9.27067875125585e-108,227.48125,"m","top","12:31:00","8/16/2023",5,33.5,32.9,32.2,NA,"f0001","","med",83.32,NA,"Extender","","midday",32.8666666666667,"aug23","Nasuti","N. magnus"
"DM6",227.697800925926,1250.76143274625,1250761.43274625,23238.0776822916,0.0185791447304772,0.998804391088268,0.999138844000638,8.94924690131902e-135,2.93516594244469e-141,227.698842592593,"m","mid","17:44:20","8/16/2023",3,26.7,26.2,25.9,NA,"f0005","S","med",83.32,NA,"Extender","","afternoon",26.2666666666667,"aug23","Nasuti","N. magnus"
"DM6",227.699884259259,572.294371262252,572294.371262252,7808.27981364137,0.01364381724814,0.997922956284266,0.997627071352205,7.33575034256904e-124,3.1418393179349e-121,227.700925925926,"m","low","17:47:20","8/16/2023",4,26.6,26.6,26.4,NA,"f0005","W","med",83.32,NA,"Extender","","afternoon",26.5333333333333,"aug23","Nasuti","N. magnus"
"DM6",227.694155092593,372.518431598191,372518.431598191,5888.84993496548,0.0158082109110707,0.998372563919288,0.998928730277472,4.45034236139317e-130,1.96988113747882e-138,227.695196759259,"m","mid","17:39:05","8/16/2023",1,25.3,26.5,26.8,NA,"f0005","N","med",83.32,NA,"Extender","","afternoon",26.2,"aug23","Nasuti","N. magnus"
"DM6",227.695949074074,599.470090006965,599470.090006965,8195.6580221578,0.0136715044816708,0.998790531724615,0.999425455145597,1.5119321588998e-134,2.95520512430172e-149,227.696990740741,"m","low","17:41:40","8/16/2023",2,25.4,25.7,26.1,NA,"f0005","E","med",83.32,NA,"Extender","","afternoon",25.7333333333333,"aug23","Nasuti","N. magnus"
"DM6",227.890277777778,343.688387078781,343688.387078781,5070.98154293524,0.0147545908840174,0.997526529199101,0.998483582518608,1.02684427179897e-121,1.72525196710475e-131,227.891319444444,"m","mid","22:21:30","8/16/2023",1,13.6,15.8,17.4,NA,"f0006","N","med",83.32,NA,"Extender","","night",15.6,"aug23","Nasuti","N. magnus"
"DM6",227.701678240741,674.518053884445,674518.053884445,11783.2179354964,0.0174690919948527,0.998535601304534,0.998805024233046,9.09991454303271e-131,8.73613421999176e-135,227.702719907407,"m","top","17:49:55","8/16/2023",5,24.2,24,24.2,NA,"f0005","","med",83.32,NA,"Extender","","afternoon",24.1333333333333,"aug23","Nasuti","N. magnus"
"DM6",227.893981481481,1006.51226852025,1006512.26852025,17539.7489695169,0.0174262644560741,0.999494358868905,0.999506849222667,8.83410731182661e-152,2.83079508736714e-152,227.895023148148,"m","mid","22:26:50","8/16/2023",3,14.7,15.7,16.1,NA,"f0006","S","med",83.32,NA,"Extender","","night",15.5,"aug23","Nasuti","N. magnus"
"DM6",227.895891203704,546.0649938077,546064.9938077,7771.04113664219,0.0142309820713005,0.99875769671397,0.998942694019599,5.11502476581077e-134,3.33105940922306e-137,227.89693287037,"m","low","22:29:35","8/16/2023",4,15.8,16.4,16.6,NA,"f0006","W","med",83.32,NA,"Extender","","night",16.2666666666667,"aug23","Nasuti","N. magnus"
"DM6",227.897916666667,616.540725970957,616540.725970957,10180.8516660703,0.0165128615794796,0.995477553144029,0.996085746968255,1.74454551500659e-108,2.4410931798282e-111,227.898958333333,"m","top","22:32:30","8/16/2023",5,15.7,16.9,17.7,NA,"f0006","","med",83.32,NA,"Extender","","night",16.7666666666667,"aug23","Nasuti","N. magnus"
"DM6",227.892071759259,672.725942422053,672725.942422053,10263.4814824656,0.0152565566975363,0.999317084277122,0.999319247541451,7.6749403016614e-146,6.6432470914835e-146,227.893113425926,"m","low","22:24:05","8/16/2023",2,14.7,15.9,16.7,NA,"f0006","E","med",83.32,NA,"Extender","","night",15.7666666666667,"aug23","Nasuti","N. magnus"
"DM6",227.486458333333,265.644009657987,265644.009657987,3295.86225886061,0.0124070641122455,0.998121816262653,0.998425514528278,3.24501749166203e-127,9.7180505210645e-131,227.4875,"m","mid","12:40:00","8/16/2023",1,34.1,34.5,34.9,NA,"f0002","N","med",83.32,NA,"Extender","","midday",34.5,"aug23","Nasuti","N. magnus"
"DM6",227.488368055556,657.928172510999,657928.172510999,9720.09235794624,0.0147737895473442,0.995679778660237,0.99688769333349,1.42253196160838e-110,3.99317276164237e-117,227.489409722222,"m","low","12:42:45","8/16/2023",2,32.9,32.6,32.6,NA,"f0002","E","med",83.32,NA,"Extender","mound in shade","midday",32.7,"aug23","Nasuti","N. magnus"
"DM6",227.490219907407,364.78738216471,364787.38216471,4670.47355880303,0.0128032760647796,0.99534214222152,0.997236632631801,6.67869189175089e-108,3.21567131243517e-118,227.491261574074,"m","mid","12:45:25","8/16/2023",3,32.7,32.4,31.8,NA,"f0002","S","med",83.32,NA,"Extender","mound in shade","midday",32.3,"aug23","Nasuti","N. magnus"
"DM6",227.492071759259,513.193438726754,513193.438726754,7431.15317909243,0.0144802186043713,0.999561047190033,0.999710385742426,1.4168731983904e-154,8.59201456121358e-163,227.493113425926,"m","low","12:48:05","8/16/2023",4,31.2,31.5,31.8,NA,"f0002","W","med",83.32,NA,"Extender","mound in shade","midday",31.5,"aug23","Nasuti","N. magnus"
"DM6",227.493923611111,164.301919526606,164301.919526606,2332.58919650702,0.0141969686247597,0.960706501144695,0.974121821742169,9.36121133347611e-66,5.191334587914e-74,227.494965277778,"m","top","12:50:45","8/16/2023",5,33.2,33.4,33.4,NA,"f0002","","med",83.32,NA,"Extender","mound in shade","midday",33.3333333333333,"aug23","Nasuti","N. magnus"
"DM6",228.232060185185,321.647216481693,321647.216481693,4676.47271456791,0.01453913628018,0.997736097771974,0.998267195617029,3.69599757826903e-122,1.92618828250214e-127,228.233101851852,"m","mid","6:33:40","8/17/2023",1,12.9,13.6,14,NA,"f0000","N","med",83.32,NA,"Extender","","morning",13.5,"aug23","Nasuti","N. magnus"
"DM6",228.234085648148,498.762771789311,498762.771789311,7574.05670917829,0.0151856897458613,0.999123471308668,0.999262426357414,6.56556039399441e-141,2.54992984417763e-144,228.235127314815,"m","low","6:36:35","8/17/2023",2,13.5,13.8,13.9,NA,"f0000","E","med",83.32,NA,"Extender","","morning",13.7333333333333,"aug23","Nasuti","N. magnus"
"DM6",228.236226851852,811.867456997081,811867.456997081,13656.3147670586,0.0168208673095117,0.998928652996727,0.998881823998445,6.07122419941508e-137,4.252816013847e-136,228.237268518519,"m","mid","6:39:40","8/17/2023",3,13.8,13.9,13.9,NA,"f0000","S","med",83.32,NA,"Extender","","morning",13.8666666666667,"aug23","Nasuti","N. magnus"
"DM6",228.238194444444,462.653648000964,462653.648000964,6761.51676318639,0.014614640546771,0.998534693193435,0.99897877278189,9.3602540916728e-131,6.86296392570929e-138,228.239236111111,"m","low","6:42:30","8/17/2023",4,14.4,14.5,14.4,NA,"f0000","W","med",83.32,NA,"Extender","","morning",14.4333333333333,"aug23","Nasuti","N. magnus"
"DM6",228.240046296296,618.91492944239,618914.92944239,9540.85439559012,0.0154154536297677,0.996112459082027,0.996605667609506,1.78757858586584e-111,3.7262540033953e-114,228.241087962963,"m","top","6:45:10","8/17/2023",5,13.7,13.8,14.1,NA,"f0000","","med",83.32,NA,"Extender","","morning",13.8666666666667,"aug23","Nasuti","N. magnus"
"DM7",228.458333333333,428.251694740108,428251.694740108,428.065594653972,0.000999565442265795,0.99444141114258,0.994517567239895,2.08112282513092e-104,1.11091309863967e-104,228.459375,"m","mid","11:59:30","8/17/2023",1,34.6,34.2,33.9,NA,"f0001","N","med",83.32,NA,"Extender","","midday",34.2333333333333,"aug23","Copto","C. acinaciformis"
"DM7",228.460127314815,388.495467386349,388495.467386349,11.4220611996883,2.94007579458562e-05,0.999129030159944,0.250511416865177,4.9153360467531e-141,3.24046476099048e-07,228.461168981481,"m","low","12:02:05","8/17/2023",2,32.8,33,33.5,NA,"f0001","E","med",83.32,NA,"Extender","","midday",33.1,"aug23","Copto","C. acinaciformis"
"DM7",228.461863425926,265.515381246888,265515.381246888,-22.2313718978591,-8.37291300920431e-05,0.998862730368767,0.715548735634271,3.08195434706232e-137,7.48325055591834e-27,228.462905092593,"m","mid","12:04:35","8/17/2023",3,33.9,33.4,34.3,NA,"f0001","S","med",83.32,NA,"Extender","","midday",33.8666666666667,"aug23","Copto","C. acinaciformis"
"DM7",228.463715277778,299.706654860653,299706.654860653,233.175010012014,0.000778010785647811,0.999109932144922,0.994502618934841,1.31876461279751e-140,1.2574430345779e-104,228.464756944444,"m","low","12:07:15","8/17/2023",4,34.7,31.7,30.5,NA,"f0001","W","med",83.32,NA,"Extender","","midday",32.3,"aug23","Copto","C. acinaciformis"
"DM7",228.465625,483.994016551201,483994.016551201,376.094257424599,0.000777063857327279,0.999056853066225,0.997620926303626,1.83987159136552e-139,3.53420388709991e-121,228.466666666667,"m","top","12:10:00","8/17/2023",5,32.6,34.1,34.5,NA,"f0001","","med",83.32,NA,"Extender","","midday",33.7333333333333,"aug23","Copto","C. acinaciformis"
"DM7",229.209201388889,270.601671261045,270601.671261045,205.484712870342,0.000759362319947072,0.998939683751138,0.972034402098984,1.22778029748986e-138,2.9485017652908e-73,229.210243055556,"m","mid","6:00:45","8/18/2023",1,14.2,13.2,13.1,NA,"f0000","N","med",83.32,NA,"Extender","","morning",13.5,"aug23","Copto","C. acinaciformis"
"DM7",229.21099537037,201.402649136621,201402.649136621,60.342692122395,0.00029961220659745,0.997943212348809,0.677236380073278,4.69660450004152e-124,4.54889556137657e-24,229.212037037037,"m","low","6:03:20","8/18/2023",2,12.6,12.7,12.8,NA,"f0000","E","med",83.32,NA,"Extender","","morning",12.7,"aug23","Copto","C. acinaciformis"
"DM7",229.212789351852,300.003372655948,300003.372655948,166.989524039921,0.000556625489112181,0.997629726658158,0.907634708486375,2.98578923287649e-121,7.45499574130217e-49,229.213831018519,"m","mid","6:05:55","8/18/2023",3,12.9,12.9,13,NA,"f0000","S","med",83.32,NA,"Extender","","morning",12.9333333333333,"aug23","Copto","C. acinaciformis"
"DM7",229.214583333333,247.288564325086,247288.564325086,148.200432611475,0.000599301601414332,0.998024944693698,0.939217315368613,3.28044082261527e-126,9.68409105960056e-58,229.215625,"m","low","6:08:30","8/18/2023",4,13.4,13.1,13.2,NA,"f0000","W","med",83.32,NA,"Extender","","morning",13.2333333333333,"aug23","Copto","C. acinaciformis"
"DM7",229.216377314815,862.916893478554,862916.893478554,836.983088380131,0.000969946346752026,0.99941646036131,0.997784435361129,5.99172365070516e-149,1.3843276110476e-122,229.217418981481,"m","top","6:11:05","8/18/2023",5,12.8,13,13.4,NA,"f0000","","med",83.32,NA,"Extender","","morning",13.0666666666667,"aug23","Copto","C. acinaciformis"
"DM7",228.67193287037,329.134101001003,329134.101001003,285.21162609572,0.000866551430642706,0.998923511969239,0.996327833505416,7.54873129540388e-137,1.33652005621747e-112,228.672974537037,"m","low","17:07:05","8/17/2023",4,26.6,26.7,26.9,NA,"f0002","W","med",83.32,NA,"Extender","","afternoon",26.7333333333333,"aug23","Copto","C. acinaciformis"
"DM7",228.666608796296,428.507313894603,428507.313894603,500.534230477397,0.00116808795147079,0.996789461658537,0.996704806684465,2.95938985075764e-115,9.67182469006307e-115,228.667650462963,"m","mid","16:59:25","8/17/2023",1,28.9,28.4,28.3,NA,"f0002","N","med",83.32,NA,"Extender","","afternoon",28.5333333333333,"aug23","Copto","C. acinaciformis"
"DM7",228.668402777778,189.810839670743,189810.839670743,4.4428107694151,2.3406517652637e-05,0.997534497086811,0.073332781422197,1.79247014391939e-120,0.00865389514428768,228.669444444444,"m","low","17:02:00","8/17/2023",2,26.5,26.1,26.3,NA,"f0002","E","med",83.32,NA,"Extender","","afternoon",26.3,"aug23","Copto","C. acinaciformis"
"DM7",228.670138888889,393.033735199279,393033.735199279,287.357287359817,0.000731126266334667,0.986426702851722,0.983886815207803,9.14773055363798e-87,2.24610679053797e-83,228.671180555556,"m","mid","17:04:30","8/17/2023",3,26.2,26.4,26.6,NA,"f0002","S","med",83.32,NA,"Extender","","afternoon",26.4,"aug23","Copto","C. acinaciformis"
"DM7",228.874479166667,282.180073458548,282180.073458548,286.994015707167,0.00101705982350071,0.999315899272257,0.995763503886775,8.30489340587894e-146,8.93178507647335e-110,228.875520833333,"m","mid","21:58:45","8/17/2023",1,18.8,16.4,15.9,NA,"f0003","N","med",83.32,NA,"Extender","","night",17.0333333333333,"aug23","Copto","C. acinaciformis"
"DM7",228.673784722222,917.338117439639,917338.117439639,1193.78935309819,0.00130136242068535,0.999113100854061,0.998877699980728,1.1212244757827e-140,5.02832128558885e-136,228.674826388889,"m","top","17:09:45","8/17/2023",5,26.4,26.5,27,NA,"f0002","","med",83.32,NA,"Extender","","afternoon",26.6333333333333,"aug23","Copto","C. acinaciformis"
"DM7",228.879803240741,287.730662724716,287730.662724716,217.798402029673,0.000756952352478505,0.998454631517324,0.993484411466542,1.05320565860556e-129,2.86751839882835e-101,228.880844907407,"m","low","22:06:25","8/17/2023",4,15.1,16.6,16.8,NA,"f0003","W","med",83.32,NA,"Extender","","night",16.1666666666667,"aug23","Copto","C. acinaciformis"
"DM7",228.881712962963,883.909168643327,883909.168643327,1311.03560321169,0.00148322435123503,0.998114089726018,0.998390557771161,3.9195338303653e-127,2.66855639902035e-130,228.88275462963,"m","top","22:09:10","8/17/2023",5,16.2,18,18.7,NA,"f0003","","med",83.32,NA,"Extender","","night",17.6333333333333,"aug23","Copto","C. acinaciformis"
"DM7",228.876215277778,199.494263920592,199494.263920592,91.3719114926703,0.000458017737938774,0.988690415994059,0.953291029702335,2.26706728734805e-90,2.44961791171955e-62,228.877256944444,"m","low","22:01:15","8/17/2023",2,15,14.8,15.3,NA,"f0003","E","med",83.32,NA,"Extender","","night",15.0333333333333,"aug23","Copto","C. acinaciformis"
"DM7",228.878009259259,335.551766989703,335551.766989703,368.073529184711,0.00109692025313044,0.999266277475285,0.996875770876485,2.00946980311919e-144,8.56430250178737e-116,228.879050925926,"m","mid","22:03:50","8/17/2023",3,15,15.6,16.1,NA,"f0003","S","med",83.32,NA,"Extender","","night",15.5666666666667,"aug23","Copto","C. acinaciformis"
"DM8",229.21869212963,2359.85795766565,2359857.95766565,11477.2259800049,0.00486352407047332,0.998436554143039,0.998549290832059,1.78783821335906e-129,5.93527595891252e-131,229.219733796296,"m","mid","6:14:25","8/18/2023",1,13.7,13.4,13.5,NA,"f0000","N","med",83.32,NA,"Extender","","morning",13.5333333333333,"aug23","Copto","C. acinaciformis"
"DM8",229.224305555556,1539.31737371109,1539317.37371109,8776.32421462295,0.00570143906936124,0.999266952245877,0.99928600723625,1.92708227380891e-144,5.81361677139268e-145,229.225347222222,"m","low","6:22:30","8/18/2023",4,13.9,13.5,13.5,NA,"f0000","W","med",83.32,NA,"Extender","","morning",13.6333333333333,"aug23","Copto","C. acinaciformis"
"DM8",229.226157407407,445.883794920994,445883.794920994,167.595747122326,0.000375873151326395,0.999289441038575,0.972555180630639,4.66855856009638e-145,7.53502344777998e-73,229.227199074074,"m","top","6:25:10","8/18/2023",5,13.3,12.8,12.6,NA,"f0000","","med",83.32,NA,"Extender","","morning",12.9,"aug23","Copto","C. acinaciformis"
"DM8",229.220486111111,1043.79052390137,1043790.52390137,4602.54878102147,0.00440945637618796,0.999880817600159,0.999832302265446,2.65857645000963e-182,1.76665875195634e-175,229.221527777778,"m","low","6:17:00","8/18/2023",2,13.3,13.8,13.8,NA,"f0000","E","med",83.32,NA,"Extender","","morning",13.6333333333333,"aug23","Copto","C. acinaciformis"
"DM8",229.222395833333,720.063900071025,720063.900071025,51.9361880830653,7.21271932642957e-05,0.997101447353751,0.756742113175316,1.51292636386615e-118,5.45755166004296e-30,229.2234375,"m","mid","6:19:45","8/18/2023",3,13.5,14.6,15.3,NA,"f0000","S","med",83.32,NA,"Extender","","morning",14.4666666666667,"aug23","Copto","C. acinaciformis"
"DM8",228.890219907407,1465.7217677391,1465721.7677391,5788.25147341892,0.00394907928695594,0.999655347733076,0.999663570229216,2.35581594826986e-159,7.8522454052367e-160,228.891261574074,"m","low","22:21:25","8/17/2023",4,16.8,17,17.3,NA,"f0003","W","med",83.32,NA,"Extender","","night",17.0333333333333,"aug23","Copto","C. acinaciformis"
"DM8",228.680034722222,542.018135409261,542018.135409261,-157.640510585565,-0.000290839918975286,0.998462181359884,0.984766559451699,8.42822778369383e-130,1.74500432545386e-84,228.681076388889,"m","mid","17:18:45","8/17/2023",3,26.2,26,26.1,NA,"f0002","S","med",83.32,NA,"Extender","","afternoon",26.1,"aug23","Copto","C. acinaciformis"
"DM8",228.681944444444,1893.37174881696,1893371.74881696,7960.27775408016,0.00420428674878771,0.997996495591849,0.997993477747337,1.42269283860533e-124,1.52354099687399e-124,228.682986111111,"m","low","17:21:30","8/17/2023",4,26.6,27.4,27.6,NA,"f0002","W","med",83.32,NA,"Extender","","afternoon",27.2,"aug23","Copto","C. acinaciformis"
"DM8",228.684027777778,285.761458274108,285761.458274108,-77.6355773025409,-0.000271679665170491,0.998444154174461,0.944579634558998,1.43230510302391e-129,5.89237585542812e-59,228.685069444444,"m","top","17:24:30","8/17/2023",5,27.1,27.5,27.5,NA,"f0002","","med",83.32,NA,"Extender","","afternoon",27.3666666666667,"aug23","Copto","C. acinaciformis"
"DM8",228.676041666667,2665.52992701527,2665529.92701527,14038.8582269133,0.00526681695997063,0.998973726327741,0.999094388327127,8.58854283650767e-138,2.89921426611968e-140,228.677083333333,"m","mid","17:13:00","8/17/2023",1,27.1,27.3,27.8,NA,"f0002","N","med",83.32,NA,"Extender","","afternoon",27.4,"aug23","Copto","C. acinaciformis"
"DM8",228.892071759259,680.086797308798,680086.797308798,259.488039324522,0.000381551355431915,0.999420935634567,0.993828216473912,4.22105069935685e-149,2.43347997953356e-102,228.893113425926,"m","top","22:24:05","8/17/2023",5,17,17.4,17.4,NA,"f0003","","med",83.32,NA,"Extender","","night",17.2666666666667,"aug23","Copto","C. acinaciformis"
"DM8",228.884375,2288.22728281965,2288227.28281965,7049.41346955907,0.0030807313252871,0.999847051532784,0.999838308426284,2.07999429604902e-175,2.60937672216046e-174,228.885416666667,"m","mid","22:13:00","8/17/2023",1,17.7,18.3,18.8,NA,"f0003","N","med",83.32,NA,"Extender","","night",18.2666666666667,"aug23","Copto","C. acinaciformis"
"DM8",228.886342592593,1089.87375362446,1089873.75362446,4564.20187411449,0.00418782621283968,0.999635999515623,0.999634554470538,2.82776216642345e-158,3.3863720322204e-158,228.887384259259,"m","low","22:15:50","8/17/2023",2,17.9,19.5,20.3,NA,"f0003","E","med",83.32,NA,"Extender","","night",19.2333333333333,"aug23","Copto","C. acinaciformis"
"DM8",228.888368055556,1054.48253389505,1054482.53389505,148.80840957992,0.000141119842952971,0.998832353840102,0.981093657575265,3.04885403268292e-135,3.24282286304273e-80,228.889409722222,"m","mid","22:18:45","8/17/2023",3,17.9,18.1,18.2,NA,"f0003","S","med",83.32,NA,"Extender","","night",18.0666666666667,"aug23","Copto","C. acinaciformis"
"DM8",228.67806712963,1145.94319495334,1145943.19495334,5507.14206679428,0.00480577230271743,0.975289999214084,0.979660920261936,6.34237176023226e-75,9.00877174409739e-79,228.679108796296,"m","low","17:15:55","8/17/2023",2,28.2,27.7,27.9,NA,"f0002","E","med",83.32,NA,"Extender","","afternoon",27.9333333333333,"aug23","Copto","C. acinaciformis"
"DM8",228.471469907407,523.598178163644,523598.178163644,-141.66080096849,-0.000270552509302688,0.999469883199736,0.98015267795711,7.590061260292e-151,2.95748195173003e-79,228.472511574074,"m","mid","12:18:25","8/17/2023",3,34.5,34,33.8,NA,"f0001","S","med",83.32,NA,"Extender","","midday",34.1,"aug23","Copto","C. acinaciformis"
"DM8",228.473321759259,1176.63035167581,1176630.35167581,6748.32709617162,0.00573529918428532,0.99955811599667,0.999570215748704,1.91799256775053e-154,5.4226958505185e-155,228.474363425926,"m","low","12:21:05","8/17/2023",4,35.7,34.8,34,NA,"f0001","W","med",83.32,NA,"Extender","","midday",34.8333333333333,"aug23","Copto","C. acinaciformis"
"DM8",228.467824074074,2370.87590886176,2370875.90886176,9782.05951343328,0.00412592640419109,0.998275312836683,0.998586178043899,1.55565431652335e-127,1.83859776527648e-131,228.468865740741,"m","mid","12:13:10","8/17/2023",1,35.2,36.5,36.8,NA,"f0001","N","med",83.32,NA,"Extender","","midday",36.1666666666667,"aug23","Copto","C. acinaciformis"
"DM8",228.469618055556,1176.39098692389,1176390.98692389,5649.01479499971,0.00480198748357564,0.998205554869599,0.998437796356563,9.44998729548728e-127,1.72433390905638e-129,228.470659722222,"m","low","12:15:45","8/17/2023",2,34.4,36.8,37.5,NA,"f0001","E","med",83.32,NA,"Extender","","midday",36.2333333333333,"aug23","Copto","C. acinaciformis"
"DM8",228.475115740741,426.748729026378,426748.729026378,32.5753446917613,7.63337825658709e-05,0.998893419637918,0.826877866950458,8.75623545109099e-138,8.38305983611666e-37,228.476157407407,"m","top","12:23:40","8/17/2023",5,34.7,37.7,38.3,NA,"f0001","","med",83.32,NA,"Extender","","midday",36.9,"aug23","Copto","C. acinaciformis"
"DM9",228.690625,3667.42182606271,3667421.82606271,4960.27816924208,0.00135252458116261,0.997541113719056,0.998055231247993,1.58616570750859e-120,3.67394304626714e-125,228.691666666667,"m","mid","17:34:00","8/17/2023",3,25.7,26,26.2,NA,"f0002","S","med",83.32,NA,"Extender","","afternoon",25.9666666666667,"aug23","Copto","C. acinaciformis"
"DM9",228.692476851852,3440.74915768942,3440749.15768942,5207.489306263,0.00151347542863601,0.999759227152345,0.999774813588844,1.92494847142692e-166,9.16100865530794e-168,228.693518518519,"m","low","17:36:40","8/17/2023",4,26.1,27.2,27.6,NA,"f0002","W","med",83.32,NA,"Extender","","afternoon",26.9666666666667,"aug23","Copto","C. acinaciformis"
"DM9",228.686805555556,3811.89971697222,3811899.71697222,4806.63714793071,0.00126095582381916,0.999628477778379,0.999439060253408,7.17155613029007e-158,9.93192034898485e-150,228.687847222222,"m","mid","17:28:30","8/17/2023",1,27.5,27.3,27.7,NA,"f0002","N","med",83.32,NA,"Extender","","afternoon",27.5,"aug23","Copto","C. acinaciformis"
"DM9",228.688831018519,7886.09763929609,7886097.63929609,29238.5580043713,0.00370760791226789,0.998494522264105,0.998829684012749,3.20426726255764e-130,3.38273402022777e-135,228.689872685185,"m","low","17:31:25","8/17/2023",2,27.3,27,26.8,NA,"f0002","E","med",83.32,NA,"Extender","","afternoon",27.0333333333333,"aug23","Copto","C. acinaciformis"
"DM9",228.895023148148,2868.86064242629,2868860.64242629,2611.67553451575,0.000910352875247007,0.999864309651257,0.999824842646379,8.9584469216025e-178,9.93698318909919e-173,228.896064814815,"m","mid","22:28:20","8/17/2023",1,14.6,15.9,16.5,NA,"f0003","N","med",83.32,NA,"Extender","","night",15.6666666666667,"aug23","Copto","C. acinaciformis"
"DM9",228.694560185185,1036.55826071042,1036558.26071042,25.6683863025646,2.4763090774051e-05,0.998367443376808,0.722124351616188,1.27961390541305e-128,4.84549711256493e-27,228.695601851852,"m","top","17:39:40","8/17/2023",5,26.1,26.2,26.4,NA,"f0002","","med",83.32,NA,"Extender","","afternoon",26.2333333333333,"aug23","Copto","C. acinaciformis"
"DM9",228.899016203704,6364.96806295238,6364968.06295238,17497.2902996506,0.00274899891509189,0.998760537841234,0.99875680334372,4.6089677840767e-134,5.28509749522023e-134,228.90005787037,"m","mid","22:34:05","8/17/2023",3,19.8,18.5,18.6,NA,"f0003","S","med",83.32,NA,"Extender","","night",18.9666666666667,"aug23","Copto","C. acinaciformis"
"DM9",228.900405092593,2466.60294321912,2466602.94321912,2390.03923506204,0.000968959856969457,0.960280840033526,0.81978713228231,1.5287507853515e-65,1.26359762305317e-35,228.901446759259,"m","low","22:36:05","8/17/2023",4,18.3,17.7,18.1,NA,"f0003","W","med",83.32,NA,"Extender","","night",18.0333333333333,"aug23","Copto","C. acinaciformis"
"DM9",228.902835648148,945.005346747331,945005.346747331,31.761879261849,3.36102640806976e-05,0.999076349357136,0.799350250682103,7.11253870203157e-140,1.69687715538726e-33,228.903877314815,"m","top","22:39:35","8/17/2023",5,18.4,19,19.4,NA,"f0003","","med",83.32,NA,"Extender","","night",18.9333333333333,"aug23","Copto","C. acinaciformis"
"DM9",228.896990740741,6378.93862184281,6378938.62184281,15168.9740988578,0.00237797774804042,0.999836429331845,0.999820421189067,4.41426082347819e-174,3.08937835648009e-172,228.898032407407,"m","low","22:31:10","8/17/2023",2,15.5,16.7,17.5,NA,"f0003","E","med",83.32,NA,"Extender","","night",16.5666666666667,"aug23","Copto","C. acinaciformis"
"DM9",228.477893518519,5136.36903257486,5136369.03257486,5991.40063434853,0.00116646615466121,0.999322562014493,0.99958953248253,5.32028077811641e-146,6.69111763803835e-156,228.478935185185,"m","mid","12:27:40","8/17/2023",1,34.7,34.8,35,NA,"f0001","N","med",83.32,NA,"Extender","","midday",34.8333333333333,"aug23","Copto","C. acinaciformis"
"DM9",228.47974537037,6164.58373912365,6164583.73912365,17090.104581853,0.00277230471757409,0.998978275348043,0.999251625145644,7.01672820004952e-138,4.94092584051095e-144,228.480787037037,"m","low","12:30:20","8/17/2023",2,34.1,36.6,37.1,NA,"f0001","E","med",83.32,NA,"Extender","","midday",35.9333333333333,"aug23","Copto","C. acinaciformis"
"DM9",228.481712962963,4934.79153310192,4934791.53310192,10670.7967233816,0.0021623601831614,0.99951318815549,0.999516490796129,1.57130842967131e-152,1.15277607314018e-152,228.48275462963,"m","mid","12:33:10","8/17/2023",3,35.5,36,35.4,NA,"f0001","S","med",83.32,NA,"Extender","","midday",35.6333333333333,"aug23","Copto","C. acinaciformis"
"DM9",228.483564814815,2650.77943281174,2650779.43281174,1862.69406246775,0.000702696738706754,0.999247743693326,0.999154186779342,6.25218429559602e-144,1.29537172026794e-141,228.484606481481,"m","low","12:35:50","8/17/2023",4,35.6,35.8,35,NA,"f0001","W","med",83.32,NA,"Extender","","midday",35.4666666666667,"aug23","Copto","C. acinaciformis"
"DM9",228.485821759259,709.889384040375,709889.384040375,17.353350582002,2.44451473315947e-05,0.998670321152269,0.478366016481719,1.12716259902243e-132,1.64641511770716e-14,228.486863425926,"m","top","12:39:05","8/17/2023",5,33.5,33.8,34,NA,"f0001","","med",83.32,NA,"Extender","","midday",33.7666666666667,"aug23","Copto","C. acinaciformis"
"DM9",229.229224537037,2883.88585900144,2883885.85900144,5846.21867780827,0.00202720182546772,0.998489116704231,0.998963670415851,3.77184975362133e-130,1.33844600623591e-137,229.230266203704,"m","mid","6:29:35","8/18/2023",1,13,13.3,13.6,NA,"f0000","N","med",83.32,NA,"Extender","","morning",13.3,"aug23","Copto","C. acinaciformis"
"DM9",229.231018518519,6885.35593209398,6885355.93209398,17484.0424909625,0.00253930844874206,0.999743728941434,0.999816800674958,3.2893557022306e-165,7.66127856571543e-172,229.232060185185,"m","low","6:32:10","8/18/2023",2,12.8,13.2,13.3,NA,"f0000","E","med",83.32,NA,"Extender","","morning",13.1,"aug23","Copto","C. acinaciformis"
"DM9",229.232928240741,4330.9646750585,4330964.6750585,14660.6465609377,0.00338507645776161,0.999851296518425,0.999860752415102,5.77922485131192e-176,2.90800344243856e-177,229.233969907407,"m","mid","6:34:55","8/18/2023",3,13.3,13.6,13.7,NA,"f0000","S","med",83.32,NA,"Extender","","morning",13.5333333333333,"aug23","Copto","C. acinaciformis"
"DM9",229.234780092593,2502.35908733601,2502359.08733601,2193.09820103298,0.00087641226718094,0.999845849607842,0.999645984213381,2.96988663083907e-175,7.97684444329208e-159,229.235821759259,"m","low","6:37:35","8/18/2023",4,13.3,13.9,14.1,NA,"f0000","W","med",83.32,NA,"Extender","","morning",13.7666666666667,"aug23","Copto","C. acinaciformis"
"DM9",229.236631944444,907.50784179328,907507.84179328,332.570448440863,0.000366465647044644,0.999724871339544,0.994449342359028,1.3726912093134e-165,1.44508437881554e-105,229.237673611111,"m","top","6:40:15","8/18/2023",5,13.2,13.5,13.6,NA,"f0000","","med",83.32,NA,"Extender","","morning",13.4333333333333,"aug23","Copto","C. acinaciformis"
"DM3",226.686863425926,52.2384582437189,52238.4582437189,6153.98986820071,0.117805733076754,0.987651785468111,0.998342499419497,2.06523337954926e-71,4.56109764891723e-99,226.687905092593,"m","low","17:28:35","8/15/2023",2,28.1,28.3,28.4,NA,"f0001","E","sm",47.78,NA,"","end of measurement went a bit weird, might need to cut off ","afternoon",28.2666666666667,"aug23","Ami","A. laurensis"
"DM4",227.461458333333,363.325839842208,363325.839842208,175.960602174003,0.000484305223791466,0.99803000254441,0.991223503152866,1.92554920854135e-96,7.97770840060031e-77,227.4625,"m","low","12:04:00","8/16/2023",2,39.5,39,38.7,NA,"f0001","E","med",83.32,NA,"Extender","","midday",39.0666666666667,"aug23","Nasuti","N. magnus"
