"sample","Time_start","flux.CH4","R2.CH4","p.CH4","fDOY_end","flux_source","position","flux_start","measurement_day_actual","tag","t0","t1","t2","t3","wall_thickness_mm","file","directon","chamber","chamber_SA_cm2","soil_moisture","notes","fieldnotes","avg_respT","campaign","species","ID_measurement"
"MD10",56.5515046296296,2584.22013479809,0.999258951079254,3.15803388440413e-144,56.5525462962963,"m","mid","13:13:40","02/26/2024",1,37.4,36.6,36.6,NA,8.63,"f0002","N","sm",47.78,NA,"","",36.8666666666667,"feb24","Ami","MD10-1"
"MD10",56.5538773148148,2054.34196403573,0.9983497960625,2.0870788326269e-128,56.5549189814815,"m","low","13:17:05","02/26/2024",2,36.2,36.4,37.6,NA,8.56,"f0002","E","sm",47.78,NA,"","",36.7333333333333,"feb24","Ami","MD10-2"
"MD10",56.5559606481482,1810.50982083952,0.99769402807514,8.54229366388252e-122,56.5570023148148,"m","mid","13:20:05","02/26/2024",3,38.6,39.3,40.2,NA,7.05,"f0002","S","sm",47.78,NA,"","",39.3666666666667,"feb24","Ami","MD10-3"
"MD10",56.5579282407407,2398.78998014496,0.997200273957629,5.82879662431474e-118,56.5589699074074,"m","low","13:22:55","02/26/2024",4,40,39.5,39.7,NA,9.11,"f0002","W","sm",47.78,NA,"","",39.7333333333333,"feb24","Ami","MD10-4"
"MD10",56.5604166666667,30.2687327067104,0.607977466273624,2.07156672301004e-20,56.5614583333333,"s","1","13:26:30","02/26/2024",5,44,43,42.9,NA,NA,"f0002","N","lg",183.85,NA,"","",43.3,"feb24","Ami","MD10-5"
"MD11",56.5729166666667,8523.57660557038,0.998957279879593,5.68596808051206e-139,56.5739583333333,"m","mid","13:44:30","02/26/2024",1,38.8,39,39.1,NA,7.66,"f0003","N","med",83.32,NA,"Extender","",38.9666666666667,"feb24","Nasuti","MD11-1"
"MD11",56.5751157407407,10945.5031061101,0.9962309410427,4.37146445337391e-112,56.5761574074074,"m","low","13:47:40","02/26/2024",2,38.8,39.6,39.5,NA,16.19,"f0003","E","med",83.32,NA,"Extender","",39.3,"feb24","Nasuti","MD11-2"
"MD11",56.5774305555556,9228.83478865788,0.999178114832384,3.51000695410352e-142,56.5784722222222,"m","mid","13:51:00","02/26/2024",3,37.9,37.4,37.2,NA,13.72,"f0003","S","med",83.32,NA,"Extender","",37.5,"feb24","Nasuti","MD11-3"
"MD11",56.5795138888889,16688.8203791603,0.996703500061312,9.84787694910292e-115,56.5805555555556,"m","low","13:54:00","02/26/2024",4,37.4,37.9,37.6,NA,19.55,"f0003","W","med",83.32,NA,"Extender","",37.6333333333333,"feb24","Nasuti","MD11-4"
"MD11",56.5815972222222,4700.04957578773,0.892685865767119,6.92161533556181e-46,56.5826388888889,"m","top ","13:57:00","02/26/2024",5,38,38,37.9,NA,15.21,"f0003","","med",83.32,NA,"Extender","use just the first minute - second half of measurement was wonky",37.9666666666667,"feb24","Nasuti","MD11-5"
"MD11",56.5847222222222,368.546350770378,0.993993446985065,5.45645802877072e-104,56.5857638888889,"s","1","14:01:30","02/26/2024",6,39.4,38.9,38.6,NA,NA,"f0003","N","lg",183.85,NA,"Extender","",38.9666666666667,"feb24","Nasuti","MD11-6"
"MD15",56.6188078703704,1874.65011259391,0.998390593502236,6.68128731506749e-129,56.619849537037,"m","mid","14:50:35","02/26/2024",1,32.8,32.4,32,NA,9.22,"f0004","N","sm",47.78,NA,"","",32.4,"feb24","Ami","MD15-1"
"MD15",56.6219907407407,1046.8456270094,0.995527892099176,1.04830346921961e-108,56.6230324074074,"m","low","14:55:10","02/26/2024",2,32.1,31.6,31,NA,9.6,"f0004","E","sm",47.78,NA,"","",31.5666666666667,"feb24","Ami","MD15-2"
"MD15",56.6241898148148,4180.59944831796,0.999847222248216,1.97694215428641e-175,56.6252314814815,"m","mid","14:58:20","02/26/2024",3,30.5,30.4,30.3,NA,6.3,"f0004","S","sm",47.78,NA,"","",30.4,"feb24","Ami","MD15-3"
"MD15",56.6264467592593,1938.19644501865,0.998334845740782,3.14600110646722e-128,56.6274884259259,"m","low","15:01:35","02/26/2024",4,29.3,29.1,29,NA,8.77,"f0004","W","sm",47.78,NA,"","",29.1333333333333,"feb24","Ami","MD15-4"
"MD15",56.6291087962963,-78.2727547903626,0.87596926223882,1.77549247604858e-43,56.630150462963,"s","1","15:05:25","02/26/2024",5,29.1,29,29.1,NA,NA,"f0004","N","lg",183.85,NA,"","",29.0666666666667,"feb24","Ami","MD15-5"
"MD2",56.4125,3707.51972911858,0.999724444059845,1.47426094575958e-165,56.4135416666667,"m","mid","09:53:30","02/26/2024",1,34.4,33.9,33.9,NA,70,"f0000","N","med",83.32,NA,"","",34.0666666666667,"feb24","Copto","MD2-1"
"MD2",56.4153935185185,4568.629599872,0.999782522056983,2.75430615910282e-170,56.4164351851852,"m","low","09:57:40","02/26/2024",2,36.6,36.7,36.1,NA,45.16,"f0000","E","med",83.32,NA,"","",36.4666666666667,"feb24","Copto","MD2-2"
"MD2",56.4178819444444,2949.31925313612,0.99966025584216,2.24869276319621e-161,56.4189236111111,"m","mid","10:01:15","02/26/2024",3,34.3,34,34.4,NA,47.11,"f0000","S","med",83.32,NA,"","",34.2333333333333,"feb24","Copto","MD2-3"
"MD2",56.4201967592593,7473.30717490867,0.999618705528792,2.33700918509096e-157,56.4212384259259,"m","low","10:04:35","02/26/2024",4,33.4,34,34,NA,59.36,"f0000","W","med",83.32,NA,"","",33.8,"feb24","Copto","MD2-4"
"MD2",56.4225694444444,17.1569526391418,0.427669415254054,1.18185653813398e-12,56.4236111111111,"m","top ","10:08:00","02/26/2024",5,34,33.6,33.2,NA,150,"f0000","","med",83.32,NA,"","",33.6,"feb24","Copto","MD2-5"
"MD2",56.4252314814815,-31.3558538209255,0.660116536621584,2.8047196305141e-23,56.4262731481481,"s","1","10:11:50","02/26/2024",6,36.1,35.7,35.5,NA,NA,"f0000","N","lg",183.85,NA,"","",35.7666666666667,"feb24","Copto","MD2-6"
"MD22",64.452662037037,40.4273160128124,0.935329065623872,6.64794523781635e-56,64.4537037037037,"m","mid","10:51:20","3/5/2024",1,38,39,39,NA,1.6,"f0002","N","sm",47.78,NA,"","",38.6666666666667,"feb24","Ami","MD22-1"
"MD22",64.4545138888889,241.554611432619,0.997283917736767,1.46624648520238e-118,64.4555555555555,"m","low","10:54:00","3/5/2024",2,37.8,37.6,37.4,NA,10.4,"f0002","E","sm",47.78,NA,"","",37.6,"feb24","Ami","MD22-2"
"MD22",64.4563657407407,21.7790142281725,0.819237452118217,1.45188274375789e-35,64.4574074074074,"m","mid","10:56:40","3/5/2024",3,37.1,36.6,36.5,NA,4.18,"f0002","S","sm",47.78,NA,"","",36.7333333333333,"feb24","Ami","MD22-3"
"MD22",64.4583333333333,224.581594462763,0.995255328336821,1.54745213536741e-107,64.459375,"m","low","10:59:30","3/5/2024",4,35.5,35.2,35.2,NA,7.03,"f0002","W","sm",47.78,NA,"","",35.3,"feb24","Ami","MD22-4"
"MD22",64.4602430555556,-33.1531576700215,0.537729983291126,6.37928296520413e-17,64.4612847222222,"s","1","11:02:15","3/5/2024",5,46,44.4,43.4,NA,NA,"f0002","N","lg",183.85,NA,"","",44.6,"feb24","Ami","MD22-5"
"MD24",64.4679976851852,859.977432766936,0.998423494490101,2.61039622318726e-129,64.4690393518518,"m","mid","11:13:25","3/5/2024",1,36.2,37.6,37.7,NA,5.92,"f0003","N","sm",47.78,NA,"","",37.1666666666667,"feb24","Ami","MD24-1"
"MD24",64.4697916666667,1393.77740047943,0.999035659007954,5.0573713894099e-139,64.4708333333333,"m","low","11:16:00","3/5/2024",2,37,37.2,37.2,NA,6.66,"f0003","E","sm",47.78,NA,"","",37.1333333333333,"feb24","Ami","MD24-2"
"MD24",64.4715277777778,376.129258753117,0.995703114740541,1.10880191371034e-110,64.4725694444444,"m","mid","11:18:30","3/5/2024",3,37.4,37.6,37.3,NA,4.83,"f0003","S","sm",47.78,NA,"","",37.4333333333333,"feb24","Ami","MD24-3"
"MD24",64.4733796296296,136.476023180534,0.974674922387022,1.9419401454691e-74,64.4744212962963,"m","low","11:21:10","3/5/2024",4,36.2,36.4,36.8,NA,3.52,"f0003","W","sm",47.78,NA,"","",36.4666666666667,"feb24","Ami","MD24-4"
"MD24",64.4751736111111,15.2513692270509,0.107628383146484,0.00132586183215056,64.4762152777778,"s","1","11:23:45","3/5/2024",5,42.9,42.1,41.6,NA,NA,"f0003","N","lg",183.85,NA,"","",42.2,"feb24","Ami","MD24-5"
"MD25",66.4497685185185,2049.24221890187,0.998354412751056,7.41272789557257e-130,66.4508101851852,"m","mid","10:47:10","3/7/2024",1,38.4,37.9,38.3,NA,6.96,"f0001","N","med",83.32,NA,"Extender","",38.2,"feb24","Nasuti","MD25-1"
"MD25",66.4517361111111,1445.43617619261,0.99654724531462,4.7339573521346e-115,66.4527777777778,"m","low","10:50:00","3/7/2024",2,39.2,38.2,38,NA,6.08,"f0001","E","med",83.32,NA,"Extender","",38.4666666666667,"feb24","Nasuti","MD25-2"
"MD25",66.4536458333333,1393.55179338062,0.997291460331528,1.29197516114117e-118,66.4546875,"m","mid","10:52:45","3/7/2024",3,38.7,37.8,38.4,NA,7.24,"f0001","S","med",83.32,NA,"Extender","",38.3,"feb24","Nasuti","MD25-3"
"MD25",66.4556134259259,988.546363313232,0.997000036745636,1.35095128024527e-116,66.4566550925926,"m","low","10:55:35","3/7/2024",4,40.8,39.5,39.7,NA,8.97,"f0001","W","med",83.32,NA,"Extender","",40,"feb24","Nasuti","MD25-4"
"MD25",66.4579282407407,505.711562173362,0.994934404006624,3.04085201808636e-106,66.4589699074074,"m","top","10:58:55","3/7/2024",5,42.2,50.5,40.2,NA,7.59,"f0001","","med",83.32,NA,"Extender","",44.3,"feb24","Nasuti","MD25-5"
"MD25",66.4599537037037,33.2291018884553,0.36954574352714,1.03274218341052e-10,66.4609953703704,"s","1","11:01:50","3/7/2024",6,39.9,37.6,37.1,NA,NA,"f0001","N","lg",183.85,NA,"Extender","",38.2,"feb24","Nasuti","MD25-6"
"MD26",66.466087962963,8902.65359182593,0.998361508849275,6.07635492857597e-130,66.4671296296296,"m","mid","11:10:40","3/7/2024",1,40.7,39.7,39.8,NA,46.2,"f0002","N","med",83.32,NA,"Extender","",40.0666666666667,"feb24","Copto","MD26-1"
"MD26",66.4680555555556,211.353896787376,0.958873819097747,1.50394828813146e-65,66.4690972222222,"m","low","11:13:30","3/7/2024",2,40.2,39.3,39.6,NA,75.61,"f0002","E","med",83.32,NA,"Extender","",39.7,"feb24","Copto","MD26-2"
"MD26",66.4702546296296,4853.51748218244,0.998301300712904,7.79629859662295e-128,66.4712962962963,"m","mid","11:16:40","3/7/2024",3,42.1,41.3,41,NA,56.28,"f0002","S","med",83.32,NA,"Extender","",41.4666666666667,"feb24","Copto","MD26-3"
"MD26",66.4721064814815,1332.85356267177,0.953462062706097,2.07286654391838e-62,66.4731481481482,"m","low","11:19:20","3/7/2024",4,42.2,41.9,41.8,NA,108.92,"f0002","W","med",83.32,NA,"Extender","",41.9666666666667,"feb24","Copto","MD26-4"
"MD26",66.4741898148148,3679.37550208269,0.998063307436476,3.040180243788e-125,66.4752314814815,"m","top","11:22:20","3/7/2024",5,42.4,41.8,41.3,NA,31.76,"f0002","","med",83.32,NA,"Extender","",41.8333333333333,"feb24","Copto","MD26-5"
"MD26",66.4762731481482,0,0,0,66.4773148148148,"s","1","11:25:20","3/7/2024",6,39.5,39.9,39.9,NA,NA,"f0002","N","lg",183.85,NA,"Extender","",39.7666666666667,"feb24","Copto","MD26-6"
"MD27",57.531712962963,2049.84550902926,0.999463342178487,3.05536726953357e-152,57.5327546296296,"m","mid","12:45:10","02/27/2024",1,43.1,44.1,44.9,NA,NA,"f0002","N","med",83.32,NA,"Extender","",44.0333333333333,"feb24","Copto","MD27-1"
"MD27",57.5336226851852,781.156648391055,0.999186073167414,2.2544127759525e-142,57.5346643518519,"m","low","12:47:55","02/27/2024",2,42.1,42.3,42.8,NA,NA,"f0002","E","med",83.32,NA,"Extender","",42.4,"feb24","Copto","MD27-2"
"MD27",57.5359375,1772.54138311945,0.999200725352899,9.86429085939533e-143,57.5369791666667,"m","mid","12:51:15","02/27/2024",3,43.4,43.7,43.2,NA,NA,"f0002","S","med",83.32,NA,"Extender","",43.4333333333333,"feb24","Copto","MD27-3"
"MD27",57.5380787037037,1963.60702363101,0.999676045698205,2.51876380536358e-162,57.5391203703704,"m","low","12:54:20","02/27/2024",4,42.1,41.3,41.7,NA,NA,"f0002","W","med",83.32,NA,"Extender","",41.7,"feb24","Copto","MD27-4"
"MD27",57.5402199074074,1204.48813876976,0.999172873351978,4.68736399414501e-142,57.5412615740741,"m","top ","12:57:25","02/27/2024",5,45,44.6,44.2,NA,NA,"f0002","","med",83.32,NA,"Extender","",44.6,"feb24","Copto","MD27-5"
"MD27",57.5421875,7.69775982687143,0.062941059902168,0.0152826388962233,57.5432291666667,"s","1","13:00:15","02/27/2024",6,50,49.2,48.7,NA,NA,"f0002","N","lg",183.85,NA,"Extender","",49.3,"feb24","Copto","MD27-6"
"MD32",63.5886574074074,4661.72094326755,0.996996260419368,1.43053687977105e-116,63.5896990740741,"m","mid","14:07:10","3/4/2024",1,36.8,37.9,37.8,NA,40.6,"f0006","N","med",83.32,NA,"Extender","",37.5,"feb24","Nasuti","MD32-1"
"MD32",63.5907407407407,1607.62629701649,0.996245493009454,3.66592205568898e-112,63.5917824074074,"m","low","14:10:10","3/4/2024",2,36.1,37.9,40.2,NA,22.13,"f0006","E","med",83.32,NA,"Extender","",38.0666666666667,"feb24","Nasuti","MD32-2"
"MD32",63.5957175925926,900.37081870215,0.994285162656778,7.34717223236441e-104,63.5967592592593,"m","low","14:17:20","3/4/2024",4,40.4,40.4,39.9,NA,12.66,"f0006","W","med",83.32,NA,"Extender","",40.2333333333333,"feb24","Nasuti","MD32-4"
"MD32",63.597974537037,979.366227734751,0.991639410919045,2.42542581654866e-96,63.5990162037037,"m","top","14:20:35","3/4/2024",5,42.4,43.2,43.6,NA,32.76,"f0006","","med",83.32,NA,"Extender","",43.0666666666667,"feb24","Nasuti","MD32-5"
"MD32",63.6003472222222,1376.40044908037,0.959861036233719,4.91600194174521e-66,63.6013888888889,"m","mid","14:24:00","3/4/2024",3,40.9,40.5,39.8,NA,24.49,"f0006","S","med",83.32,NA,"Extender","redid measurements, original started at 14:13:30",40.4,"feb24","Nasuti","MD32-3"
"MD32",63.6045138888889,-12.4054798708421,0.120921797366707,0.000636993301477172,63.6055555555556,"s","1","14:30:00","3/4/2024",6,42.8,41.8,41.6,NA,NA,"f0006","N","lg",183.85,NA,"","",42.0666666666667,"feb24","Nasuti","MD32-6"
"MD36",64.5175347222222,43.6720318026408,0.853813647153999,9.07840497299904e-40,64.5185763888889,"m","mid","12:24:45","3/5/2024",1,38,37.5,37.4,NA,10.31,"f0004","N","sm",47.78,NA,"not very alive looking, 3/4 negative fluxes","",37.6333333333333,"feb24","Ami","MD36-1"
"MD36",64.5193287037037,0,0,0,64.5203703703704,"m","low","12:27:20","3/5/2024",2,38.4,38.8,38.6,NA,9.05,"f0004","E","sm",47.78,NA,"not very alive looking, 3/4 negative fluxes","",38.6,"feb24","Ami","MD36-2"
"MD36",64.5211805555556,4.71943990468588,0.0496345982789069,0.0318339154093797,64.5222222222222,"m","mid","12:30:00","3/5/2024",3,38.6,36.7,36.1,NA,9.87,"f0004","S","sm",47.78,NA,"not very alive looking, 3/4 negative fluxes","",37.1333333333333,"feb24","Ami","MD36-3"
"MD36",64.522974537037,0,0,0,64.5240162037037,"m","low","12:32:35","3/5/2024",4,36.3,37.5,38.2,NA,21.9,"f0004","W","sm",47.78,NA,"not very alive looking, 3/4 negative fluxes","",37.3333333333333,"feb24","Ami","MD36-4"
"MD36",64.5247685185185,0,0,0,64.5258101851852,"s","1","12:35:10","3/5/2024",5,42,43.4,43.4,NA,NA,"f0004","N","lg",183.85,NA,"not very alive looking, 3/4 negative fluxes","",42.9333333333333,"feb24","Ami","MD36-5"
"MD37",64.4126157407407,2713.0328025941,0.998183277461073,1.65670095196125e-126,64.4136574074074,"m","mid","09:53:40","3/5/2024",1,32.2,32.6,32.5,NA,4.53,"f0000","N","sm",47.78,NA,"","",32.4333333333333,"feb24","Ami","MD37-1"
"MD37",64.414525462963,564.908573769671,0.998970115116914,1.00769779870125e-137,64.4155671296296,"m","low","09:56:25","3/5/2024",2,31.7,31.2,31.5,NA,4.21,"f0000","E","sm",47.78,NA,"","",31.4666666666667,"feb24","Ami","MD37-2"
"MD37",64.4163194444444,3282.3903323767,0.998493512874724,3.30349319452826e-130,64.4173611111111,"m","mid","09:59:00","3/5/2024",3,32.1,32.3,32.3,NA,12.21,"f0000","S","sm",47.78,NA,"","",32.2333333333333,"feb24","Ami","MD37-3"
"MD37",64.4180555555556,506.764294713365,0.998175139927319,2.03029784527927e-126,64.4190972222222,"m","low","10:01:30","3/5/2024",4,32.5,32.3,32.5,NA,13.01,"f0000","W","sm",47.78,NA,"","",32.4333333333333,"feb24","Ami","MD37-4"
"MD37",64.4201388888889,14.347468967127,0.177399199763163,2.62036817065347e-05,64.4211805555556,"s","1","10:04:30","3/5/2024",5,41,41.6,41.9,NA,NA,"f0000","N","lg",183.85,NA,"","",41.5,"feb24","Ami","MD37-5"
"MD42",64.4284722222222,1765.32937176125,0.998759603143208,4.76979687674055e-134,64.4295138888889,"m","mid","10:16:30","3/5/2024",1,34.9,33.9,33.4,NA,8.57,"f0001","N","sm",47.78,NA,"","",34.0666666666667,"feb24","Ami","MD42-1"
"MD42",64.4302083333333,4554.03356759558,0.998419435987539,2.93435350415087e-129,64.43125,"m","low","10:19:00","3/5/2024",2,34.2,35.2,36,NA,7.83,"f0001","E","sm",47.78,NA,"","",35.1333333333333,"feb24","Ami","MD42-2"
"MD42",64.4321759259259,4931.73843114238,0.999277570663191,9.9213171265665e-145,64.4332175925926,"m","mid","10:21:50","3/5/2024",3,36.1,35.7,35.4,NA,9.28,"f0001","S","sm",47.78,NA,"","",35.7333333333333,"feb24","Ami","MD42-3"
"MD42",64.4338541666667,2957.40981771295,0.999171482306024,5.05980438342535e-142,64.4348958333333,"m","low","10:24:15","3/5/2024",4,34.5,36.5,37,NA,3.73,"f0001","W","sm",47.78,NA,"","",36,"feb24","Ami","MD42-4"
"MD42",64.4357060185185,19.444719911466,0.1377241348487,0.00025009808559917,64.4367476851852,"s","1","10:26:55","3/5/2024",5,42.8,44.5,43.6,NA,NA,"f0001","N","lg",183.85,NA,"","",43.6333333333333,"feb24","Ami","MD42-5"
"MD48",63.5503472222222,1080.07737155572,0.999329502409741,3.32998560868543e-146,63.5513888888889,"m","mid","13:12:00","3/4/2024",1,36.8,37,37.7,NA,27.29,"f0005","N","med",83.32,NA,"Extender","",37.1666666666667,"feb24","Copto","MD48-1"
"MD48",63.5523148148148,17.4204242839134,0.481764565042464,1.21871791790948e-14,63.5533564814815,"m","low","13:14:50","3/4/2024",2,36.2,36.6,36.4,NA,62.28,"f0005","E","med",83.32,NA,"Extender","",36.4,"feb24","Copto","MD48-2"
"MD48",63.5544560185185,-17.6532278239156,0.533618458554863,9.57967074463573e-17,63.5554976851852,"m","mid","13:17:55","3/4/2024",3,35.4,34.4,34.4,NA,96.46,"f0005","S","med",83.32,NA,"Extender","",34.7333333333333,"feb24","Copto","MD48-3"
"MD48",63.556712962963,3217.68993755508,0.992105515142541,1.78296537479124e-97,63.5577546296296,"m","low","13:21:10","3/4/2024",4,35.4,35.7,35.6,NA,39.94,"f0005","W","med",83.32,NA,"Extender","",35.5666666666667,"feb24","Copto","MD48-4"
"MD48",63.5587384259259,-76.3060578465492,0.930802001253903,1.44779458354303e-54,63.5597800925926,"m","top","13:24:05","3/4/2024",5,34.4,34.4,34.4,NA,63,"f0005","","med",83.32,NA,"Extender","",34.4,"feb24","Copto","MD48-5"
"MD48",63.5607060185185,-28.5866709865946,0.47682759954728,1.88538963697263e-14,63.5617476851852,"s","1","13:26:55","3/4/2024",6,37,36.4,36.4,NA,NA,"f0005","N","lg",183.85,NA,"Extender","",36.6,"feb24","Copto","MD48-6"
"MD50",63.4681712962963,22185.0538082517,0.998267914682092,1.89015261795055e-127,63.469212962963,"m","mid","11:13:40","3/4/2024",1,40.5,40.1,40.9,NA,12.98,"f0003","N","med",83.32,NA,"Extender","",40.5,"feb24","Nasuti","MD50-1"
"MD50",63.4700810185185,4089.11741593029,0.999402175143078,4.379208962961e-150,63.4711226851852,"m","low","11:16:25","3/4/2024",2,37.2,37.2,36.8,NA,13.93,"f0003","E","med",83.32,NA,"Extender","",37.0666666666667,"feb24","Nasuti","MD50-2"
"MD50",63.4725694444444,4689.99761911111,0.999485280319657,1.985207359648e-151,63.4736111111111,"m","mid","11:20:00","3/4/2024",3,37.2,36.6,36.3,NA,12.36,"f0003","S","med",83.32,NA,"Extender","use first minute, second half looks weird",36.7,"feb24","Nasuti","MD50-3"
"MD50",63.4752314814815,2464.19253158561,0.976817259626385,3.47701011922101e-76,63.4762731481481,"m","low","11:23:50","3/4/2024",4,37.3,38.2,38.3,NA,11.8,"f0003","W","med",83.32,NA,"Extender","",37.9333333333333,"feb24","Nasuti","MD50-4"
"MD50",63.4771412037037,13548.9963711527,0.999677163637787,1.20225370436355e-160,63.4781828703704,"m","top","11:26:35","3/4/2024",5,37.7,38,39.1,NA,4,"f0003","","med",83.32,NA,"Extender","",38.2666666666667,"feb24","Nasuti","MD50-5"
"MD50",63.4792824074074,125.73313019626,0.936025519191743,4.06042847082041e-56,63.4803240740741,"s","1","11:29:40","3/4/2024",6,43.9,45.1,46.1,NA,NA,"f0003","N","lg",183.85,NA,"Extender","",45.0333333333333,"feb24","Nasuti","MD50-6"
"MD54",63.3850694444444,1347.34349521096,0.999384128568729,1.72004438288095e-149,63.3861111111111,"m","mid","09:14:00","3/4/2024",1,29.2,28.4,28.4,NA,6.6,"f0000","N","sm",47.78,NA,"","",28.6666666666667,"feb24","Ami","MD54-1"
"MD54",63.3873842592593,363.656035063563,0.99804643775412,4.5110931692166e-125,63.3884259259259,"m","low","09:17:20","3/4/2024",2,29.2,29.4,29.5,NA,6.92,"f0000","E","sm",47.78,NA,"","",29.3666666666667,"feb24","Ami","MD54-2"
"MD54",63.3894675925926,488.213458673787,0.996024117414071,3.11641997163667e-112,63.3905092592593,"m","mid","09:20:20","3/4/2024",3,31.2,31.2,31.2,NA,7.77,"f0000","S","sm",47.78,NA,"","",31.2,"feb24","Ami","MD54-3"
"MD54",63.3915509259259,2022.35791827213,0.999366677504096,2.48481750078464e-147,63.3925925925926,"m","low","09:23:20","3/4/2024",4,31.2,31.4,31.6,NA,2.54,"f0000","W","sm",47.78,NA,"","",31.4,"feb24","Ami","MD54-4"
"MD54",63.3939814814815,10.571381929832,0.0970296634637871,0.00237107215573104,63.3950231481481,"s","1","09:26:50","3/4/2024",5,34.3,33,33,NA,NA,"f0000","N","lg",183.85,NA,"","",33.4333333333333,"feb24","Ami","MD54-5"
"MD55",57.4390625,1331.77123031688,0.994004150605267,6.52696928800248e-103,57.4401041666667,"m","mid","10:31:45","02/27/2024",1,33.9,33.5,33.6,NA,NA,"f0000","N","med",83.32,NA,"Extender","mound wall was soft, not very thick, clay-like",33.6666666666667,"feb24","Copto","MD55-1"
"MD55",57.4412037037037,290.081373920194,0.984611593793919,2.76586862464454e-84,57.4422453703704,"m","low","10:34:50","02/27/2024",2,33.9,34.4,34.6,NA,NA,"f0000","E","med",83.32,NA,"Extender","mound wall was soft, not very thick, clay-like",34.3,"feb24","Copto","MD55-2"
"MD55",57.44375,1485.27152727728,0.998727313686405,1.53574589862029e-133,57.4447916666667,"m","mid","10:38:30","02/27/2024",3,36.1,36.4,36.5,NA,NA,"f0000","S","med",83.32,NA,"Extender","mound wall was soft, not very thick, clay-like",36.3333333333333,"feb24","Copto","MD55-3"
"MD55",57.4459490740741,1682.53754008184,0.999237997306644,1.12307635062504e-143,57.4469907407407,"m","low","10:41:40","02/27/2024",4,35.7,35.4,35.1,NA,NA,"f0000","W","med",83.32,NA,"Extender","mound wall was soft, not very thick, clay-like",35.4,"feb24","Copto","MD55-4"
"MD55",57.4482638888889,1581.16484627365,0.999274300804929,1.21844997833878e-144,57.4493055555556,"m","top ","10:45:00","02/27/2024",5,36.2,36.5,36.7,NA,NA,"f0000","","med",83.32,NA,"Extender","mound wall was soft, not very thick, clay-like",36.4666666666667,"feb24","Copto","MD55-5"
"MD55",57.4503472222222,33.922384847689,0.523901078161836,2.46988693372291e-16,57.4513888888889,"s","1","10:48:00","02/27/2024",6,38.5,37.4,37.2,NA,NA,"f0000","N","lg",183.85,NA,"Extender","mound wall was soft, not very thick, clay-like",37.7,"feb24","Copto","MD55-6"
"MD58",57.4774884259259,3427.97339466211,0.999328344248648,3.60201575112216e-146,57.4785300925926,"m","mid","11:27:05","02/27/2024",1,38.2,38.3,38.8,NA,NA,"f0001","N","med",83.32,NA,"Extender","",38.4333333333333,"feb24","Nasuti","MD58-1"
"MD58",57.4799768518519,5350.35370587331,0.999555692291465,2.46000385584667e-154,57.4810185185185,"m","low","11:30:40","02/27/2024",2,39.8,40.5,40.7,NA,NA,"f0001","E","med",83.32,NA,"Extender","",40.3333333333333,"feb24","Nasuti","MD58-2"
"MD58",57.4822916666667,1467.45265323936,0.971718942445328,2.95373824622084e-72,57.4833333333333,"m","mid","11:34:00","02/27/2024",3,42.5,43,43.1,NA,NA,"f0001","S","med",83.32,NA,"Extender","",42.8666666666667,"feb24","Nasuti","MD58-3"
"MD58",57.4846064814815,1877.12516548181,0.99621583975579,3.20826044651453e-113,57.4856481481482,"m","low","11:37:20","02/27/2024",4,39.8,39.3,40.1,NA,NA,"f0001","W","med",83.32,NA,"Extender","",39.7333333333333,"feb24","Nasuti","MD58-4"
"MD58",57.4868055555556,4039.07340432013,0.998944938233244,3.0240874835368e-137,57.4878472222222,"m","top ","11:40:30","02/27/2024",5,42.5,43.3,43.4,NA,NA,"f0001","","med",83.32,NA,"Extender","",43.0666666666667,"feb24","Nasuti","MD58-5"
"MD58",57.4888310185185,16.7694204674929,0.239990627126423,6.23258523755266e-07,57.4898726851852,"s","1","11:43:25","02/27/2024",6,45.5,44.7,44.3,NA,NA,"f0001","N","lg",183.85,NA,"Extender","",44.8333333333333,"feb24","Nasuti","MD58-6"
"MD59",66.403587962963,180.848832498918,0.580099626890718,4.99527104596353e-19,66.4046296296296,"m","mid","09:40:40","3/7/2024",1,35.5,37.6,38,NA,28.54,"f0000","N","med",83.32,NA,"Extender","",37.0333333333333,"feb24","Copto","MD59-1"
"MD59",66.4055555555556,439.311032456451,0.995404889757984,3.60304659717389e-108,66.4065972222222,"m","low","09:43:30","3/7/2024",2,34.6,36.2,36.7,NA,23.06,"f0000","E","med",83.32,NA,"Extender","",35.8333333333333,"feb24","Copto","MD59-2"
"MD59",66.4074652777778,179.194153522596,0.980800057108282,9.01119698957621e-81,66.4085069444444,"m","mid","09:46:15","3/7/2024",3,35.1,35,35.4,NA,27.4,"f0000","S","med",83.32,NA,"Extender","",35.1666666666667,"feb24","Copto","MD59-3"
"MD59",66.4100115740741,615.288635272247,0.998203747188656,9.89299389610389e-127,66.4110532407407,"m","low","09:49:55","3/7/2024",4,38.8,41.3,42.3,NA,51.48,"f0000","W","med",83.32,NA,"Extender","",40.8,"feb24","Copto","MD59-4"
"MD59",66.4118634259259,-46.201043503583,0.791183494393036,4.76099971457583e-33,66.4129050925926,"m","top","09:52:35","3/7/2024",5,39.5,39,39.3,NA,58.21,"f0000","","med",83.32,NA,"Extender","",39.2666666666667,"feb24","Copto","MD59-5"
"MD59",66.4136574074074,-14.1367747484111,0.137096752575666,0.000259032544095863,66.4146990740741,"s","1","09:55:10","3/7/2024",6,38.9,37.3,37,NA,NA,"f0000","N","lg",183.85,NA,"Extender","",37.7333333333333,"feb24","Copto","MD59-6"
"MD61",63.4108796296296,6195.24061212833,0.99886187025947,9.51029225532758e-136,63.4119212962963,"m","mid","09:51:10","3/4/2024",1,31.4,31.7,32.1,NA,11.35,"f0001","N","med",83.32,NA,"Extender","damaged by humans",31.7333333333333,"feb24","Nasuti","MD61-1"
"MD61",63.4131944444444,6831.7801623646,0.99947027212116,7.34078687230933e-151,63.4142361111111,"m","low","09:54:30","3/4/2024",2,31.1,31.1,31.7,NA,4.34,"f0001","E","med",83.32,NA,"Extender","damaged by humans",31.3,"feb24","Nasuti","MD61-2"
"MD61",63.415625,7374.06423120982,0.997594403606061,5.85293600648204e-121,63.4166666666667,"m","mid","09:58:00","3/4/2024",3,31,31.1,31.1,NA,4.29,"f0001","S","med",83.32,NA,"Extender","damaged by humans",31.0666666666667,"feb24","Nasuti","MD61-3"
"MD61",63.4175347222222,7429.87045731615,0.999532149510713,2.57749723083277e-153,63.4185763888889,"m","low","10:00:45","3/4/2024",4,33.5,33.3,32.7,NA,6.62,"f0001","W","med",83.32,NA,"Extender","damaged by humans",33.1666666666667,"feb24","Nasuti","MD61-4"
"MD61",63.4196759259259,4854.40168594826,0.896661702391796,3.96315225258302e-47,63.4207175925926,"m","top","10:03:50","3/4/2024",5,34.2,34.2,34.2,NA,6.55,"f0001","","med",83.32,NA,"Extender","damaged by humans",34.2,"feb24","Nasuti","MD61-5"
"MD61",63.4219907407407,753.074572622624,0.992889485666341,1.5284055945472e-99,63.4230324074074,"s","1","10:07:10","3/4/2024",6,35.5,33.5,33.5,NA,NA,"f0001","N","lg",183.85,NA,"Extender","damaged by humans",34.1666666666667,"feb24","Nasuti","MD61-6"
"MD63",63.5204861111111,268.021111478524,0.996162411686887,9.92429419393459e-112,63.5215277777778,"m","mid","12:29:00","3/4/2024",1,35.8,35.9,36.5,NA,69,"f0004","N","med",83.32,NA,"Extender","",36.0666666666667,"feb24","Copto","MD63-1"
"MD63",63.5223958333333,-80.0543883513285,0.960956794315653,6.99847853528697e-66,63.5234375,"m","low","12:31:45","3/4/2024",2,36.5,36.5,36.5,NA,83.5,"f0004","E","med",83.32,NA,"Extender","moss growing on mound, negative flux",36.5,"feb24","Copto","MD63-2"
"MD63",63.5244791666667,3304.51019915923,0.996961173700955,2.42655582967924e-116,63.5255208333333,"m","mid","12:34:45","3/4/2024",3,36.5,36.2,36.2,NA,48.54,"f0004","S","med",83.32,NA,"Extender","",36.3,"feb24","Copto","MD63-3"
"MD63",63.5269097222222,2088.55773645012,0.999091454495002,3.35887257889682e-140,63.5279513888889,"m","low","12:38:15","3/4/2024",4,42.7,37.5,37.5,NA,44.68,"f0004","W","med",83.32,NA,"Extender","measured in the damaged part of the mound",39.2333333333333,"feb24","Copto","MD63-4"
"MD63",63.5289930555556,233.754410666997,0.9942540074149,9.40937764693507e-104,63.5300347222222,"m","top","12:41:15","3/4/2024",5,36.5,36.5,36.3,NA,191.91,"f0004","","med",83.32,NA,"Extender","",36.4333333333333,"feb24","Copto","MD63-5"
"MD63",63.5309027777778,-16.9282950727125,0.25774499770703,2.05703561229675e-07,63.5319444444444,"s","1","12:44:00","3/4/2024",6,37.3,37.3,38.3,NA,NA,"f0004","N","lg",183.85,NA,"Extender","",37.6333333333333,"feb24","Copto","MD63-6"
"MD65",63.4442708333333,11246.7564414086,0.999452453489559,3.30749236924991e-150,63.4453125,"m","mid","10:39:15","3/4/2024",1,31.2,33,33.8,NA,9.25,"f0002","N","med",83.32,NA,"Extender","",32.6666666666667,"feb24","Nasuti","MD65-1"
"MD65",63.4465856481482,1855.17013254286,0.915583643281392,1.23696740085849e-50,63.4476273148148,"m","low","10:42:35","3/4/2024",2,33.9,36.2,35.9,NA,8.6,"f0002","E","med",83.32,NA,"Extender","",35.3333333333333,"feb24","Nasuti","MD65-2"
"MD65",63.4488425925926,4424.97842318062,0.998676535982003,9.10772595022279e-133,63.4498842592593,"m","mid","10:45:50","3/4/2024",3,33,32.8,32.9,NA,17.5,"f0002","S","med",83.32,NA,"Extender","",32.9,"feb24","Nasuti","MD65-3"
"MD65",63.4507523148148,5591.37083402765,0.99975889822927,2.0483101018968e-166,63.4517939814815,"m","low","10:48:35","3/4/2024",4,33.3,33.3,33.4,NA,7.42,"f0002","W","med",83.32,NA,"Extender","",33.3333333333333,"feb24","Nasuti","MD65-4"
"MD65",63.453587962963,1455.53792229598,0.96429743550505,1.19335951046137e-67,63.4546296296296,"m","top","10:52:40","3/4/2024",5,35.5,34.5,34.2,NA,18.6,"f0002","","med",83.32,NA,"Extender","",34.7333333333333,"feb24","Nasuti","MD65-5"
"MD65",63.4554976851852,-29.9588612518776,0.589984325642986,2.60039134411511e-19,63.4565393518519,"s","1","10:55:25","3/4/2024",6,37.8,36.3,36.1,NA,NA,"f0002","N","lg",183.85,NA,"Extender","",36.7333333333333,"feb24","Nasuti","MD65-6"
"MD9",56.4793981481481,-160.732859836854,0.986240048029968,1.70309782361843e-86,56.4804398148148,"m","mid","11:29:50","02/26/2024",1,33.6,33.3,33.4,NA,160,"f0001","N","med",83.32,NA,"Extender","mainly dead mound. 2/5 positive fluxes. termites found. moss on exterior ",33.4333333333333,"feb24","Copto","MD9-1"
"MD9",56.4822916666667,-79.9468105098424,0.954660178817801,6.32282837788815e-63,56.4833333333333,"m","low","11:34:00","02/26/2024",2,35.3,34.8,35,NA,149,"f0001","E","med",83.32,NA,"Extender","mainly dead mound. 2/5 positive fluxes. termites found. moss on exterior ",35.0333333333333,"feb24","Copto","MD9-2"
"MD9",56.4844907407407,-136.500018594665,0.983544480079209,5.84694980739822e-83,56.4855324074074,"m","mid","11:37:10","02/26/2024",3,35.5,36.1,36.1,NA,145.21,"f0001","S","med",83.32,NA,"Extender","mainly dead mound. 2/5 positive fluxes. termites found. moss on exterior ",35.9,"feb24","Copto","MD9-3"
"MD9",56.4870949074074,521.780750855552,0.997335691204667,6.10788044773158e-119,56.4881365740741,"m","low","11:40:55","02/26/2024",4,35.5,34.8,34.7,NA,229.15,"f0001","W","med",83.32,NA,"Extender","mainly dead mound. 2/5 positive fluxes. termites found. moss on exterior ",35,"feb24","Copto","MD9-4"
"MD9",56.4893518518519,215.580272571751,0.989639815371102,4.19430341314119e-92,56.4903935185185,"m","top ","11:44:10","02/26/2024",5,35.2,35.2,35.1,NA,201.84,"f0001","","med",83.32,NA,"Extender","mainly dead mound. 2/5 positive fluxes. termites found. moss on exterior ",35.1666666666667,"feb24","Copto","MD9-5"
"MD9",56.4916666666667,-57.1819914492931,0.844139688953305,1.68510909914325e-38,56.4927083333333,"s","1","11:47:30","02/26/2024",6,36.7,36,35.9,NA,NA,"f0001","N","lg",183.85,NA,"Extender","mainly dead mound. 2/5 positive fluxes. termites found. moss on exterior ",36.2,"feb24","Copto","MD9-6"
