"sample","Time_start","flux.CO2","R2.CO2","p.CO2","fDOY_end","flux_source","position","flux_start","measurement_day_actual","tag","t0","t1","t2","t3","file","directon","chamber","chamber_SA_cm2","soil_moisture","notes","fieldnotes","avg_respT","campaign","species"
"MD10",220.399768518519,79.4781004498341,0.998831568222369,3.14360199121592e-135,220.400810185185,"m","mid","10:35:10","8/9/2023",1,29.7,29.7,29.7,NA,"f0002","N","sm",47.78,NA,"","",29.7,"aug23","Ami"
"MD10",220.40162037037,163.854319264258,0.999736793874477,1.78870043769683e-166,220.402662037037,"m","low","10:37:50","8/9/2023",2,27.6,27.7,27.9,NA,"f0002","E","sm",47.78,NA,"","",27.7333333333333,"aug23","Ami"
"MD10",220.403472222222,80.9265766556923,0.970886572770298,1.10598383640758e-71,220.404513888889,"m","mid","10:40:30","8/9/2023",3,27.7,27.8,28,NA,"f0002","S","sm",47.78,NA,"","",27.8333333333333,"aug23","Ami"
"MD10",220.405324074074,102.076153023417,0.996271491115313,2.67221096276297e-112,220.406365740741,"m","low","10:43:10","8/9/2023",4,28.2,28.2,28.2,NA,"f0002","W","sm",47.78,NA,"","",28.2,"aug23","Ami"
"MD10",220.407291666667,167.67713641746,0.9958128893853,5.23871200040305e-110,220.408333333333,"s","2","10:46:00","8/9/2023",5,29.2,29.2,28.2,NA,"f0002","N","lg",183.85,NA,"","",28.8666666666667,"aug23","Ami"
"MD11",220.412731481481,603.144282014477,0.999259996074848,8.01287604229766e-146,220.413773148148,"m","mid","10:53:50","8/9/2023",1,28.3,28.4,28.4,NA,"f0003","N","med",83.32,NA,"Extender","",28.3666666666667,"aug23","Nasuti"
"MD11",220.414756944444,587.609396223475,0.996243430196438,3.75869863063942e-112,220.415798611111,"m","low","10:56:45","8/9/2023",2,28.4,28.4,28.4,NA,"f0003","E","med",83.32,NA,"Extender","",28.4,"aug23","Nasuti"
"MD11",220.416840277778,506.252820401227,0.998147223249067,4.05108177623877e-126,220.417881944444,"m","mid","10:59:45","8/9/2023",3,28.4,28.4,29.4,NA,"f0003","S","med",83.32,NA,"Extender","",28.7333333333333,"aug23","Nasuti"
"MD11",220.418981481481,497.083864001691,0.998767965097209,3.50618820408412e-134,220.420023148148,"m","low","11:02:50","8/9/2023",4,28.8,28.8,28.8,NA,"f0003","W","med",83.32,NA,"Extender","",28.8,"aug23","Nasuti"
"MD11",220.420833333333,423.751797599179,0.997969849961414,2.59530400927731e-124,220.421875,"m","top","11:05:30","8/9/2023",5,29.2,29.6,29.6,NA,"f0003","","med",83.32,NA,"Extender","",29.4666666666667,"aug23","Nasuti"
"MD15",220.318229166667,42.7046700657245,0.996296786601917,1.9604112139524e-112,220.319270833333,"m","mid","8:37:45","8/9/2023",1,19.5,19.5,19.5,NA,"f0000","N","sm",47.78,NA,"","temperature sensor acting up",19.5,"aug23","Ami"
"MD15",220.320775462963,95.6644196990952,0.97931351106328,1.94722232632247e-78,220.32181712963,"m","low","8:41:25","8/9/2023",2,19.1,19.5,20.1,NA,"f0000","E","sm",47.78,NA,"","temperature sensor acting up",19.5666666666667,"aug23","Ami"
"MD15",220.324652777778,28.6599375538418,0.983917683179527,2.59625516025227e-84,220.325694444444,"m","mid","8:47:00","8/9/2023",3,24,24,24,NA,"f0000","S","sm",47.78,NA,"","temperature sensor acting up",24,"aug23","Ami"
"MD15",220.326851851852,43.5068882262288,0.990715360433644,2.86099959504102e-94,220.327893518519,"m","low","8:50:10","8/9/2023",4,23.6,23.6,23.6,NA,"f0000","W","sm",47.78,NA,"","temperature sensor acting up",23.6,"aug23","Ami"
"MD15",220.328935185185,135.851968724084,0.991174980335429,2.83905012282055e-95,220.329976851852,"s","2","8:53:10","8/9/2023",5,25.3,23.7,23.4,NA,"f0000","N","lg",183.85,NA,"","temperature sensor acting up",24.1333333333333,"aug23","Ami"
"MD2",220.438078703704,329.023440707462,0.998373221166036,4.36841247446765e-130,220.43912037037,"m","mid","11:30:20","8/9/2023",1,27.8,27.9,27.9,NA,"f0004","N","med",83.32,NA,"Extender","",27.8666666666667,"aug23","Copto"
"MD2",220.440393518519,1159.61546783556,0.999262965944917,2.46641805853394e-144,220.441435185185,"m","low","11:33:40","8/9/2023",2,33,32.5,32.4,NA,"f0004","E","med",83.32,NA,"Extender","",32.6333333333333,"aug23","Copto"
"MD2",220.442418981481,588.529630792819,0.998091984126446,1.54209919066104e-125,220.443460648148,"m","mid","11:36:35","8/9/2023",3,28.9,28.9,29,NA,"f0004","S","med",83.32,NA,"Extender","",28.9333333333333,"aug23","Copto"
"MD2",220.444386574074,1016.99459722507,0.998981338174298,6.12081491794979e-138,220.445428240741,"m","low","11:39:25","8/9/2023",4,28.4,28.4,28.3,NA,"f0004","W","med",83.32,NA,"Extender","",28.3666666666667,"aug23","Copto"
"MD2",220.446527777778,289.19968131659,0.985925869128253,4.75794729263339e-86,220.447569444444,"m","top","11:42:30","8/9/2023",5,28.1,28.1,28.1,NA,"f0004","","med",83.32,NA,"Extender","",28.1,"aug23","Copto"
"MD22",218.51724537037,40.9511412207789,0.988406862382723,6.99598292915713e-90,218.518287037037,"m","low","13:24:20","8/7/2023",2,26.9,27.7,27.9,NA,"f0002","E","sm",47.78,NA,"","",27.5,"aug23","Ami"
"MD22",218.519212962963,29.266039188207,0.978059074465743,2.83817362444607e-77,218.52025462963,"m","mid","13:27:10","8/7/2023",3,27.1,27.3,27,NA,"f0002","S","sm",47.78,NA,"","",27.1333333333333,"aug23","Ami"
"MD22",218.521180555556,29.8255105168155,0.976927411071275,2.7994186588125e-76,218.522222222222,"m","low","13:30:00","8/7/2023",4,26.6,26,26.1,NA,"f0002","W","sm",47.78,NA,"","",26.2333333333333,"aug23","Ami"
"MD22",218.523148148148,22.2665975021322,0.974882980834536,1.33406873908539e-74,218.524189814815,"m","mid","13:32:50","8/7/2023",1,25.5,26.1,26.4,NA,"f0002","N","sm",47.78,NA,"","redid measurement, og starts at 13:21:45 look at notebook if there's issues ",26,"aug23","Ami"
"MD24",218.534027777778,34.9598156410522,0.921852730548415,3.6819574386352e-52,218.535069444444,"m","mid","13:48:30","8/7/2023",1,25.4,25.1,24.9,NA,"f0003","N","sm",47.78,NA,"","",25.1333333333333,"aug23","Ami"
"MD24",218.535763888889,57.9473930073795,0.985549948884507,1.88777670807264e-86,218.536805555556,"m","low","13:51:00","8/7/2023",2,24.8,24.8,25,NA,"f0003","E","sm",47.78,NA,"","",24.8666666666667,"aug23","Ami"
"MD24",218.538310185185,12.2796684022491,0.962995211211865,6.09495839702863e-67,218.539351851852,"m","mid","13:54:40","8/7/2023",3,25,25.2,25.5,NA,"f0003","S","sm",47.78,NA,"","cut out first minute: og started at 13:53:40 and then was corrected for by running an extra minute longer",25.2333333333333,"aug23","Ami"
"MD24",218.540219907407,47.0410714775843,0.997154821352376,1.21287419795713e-117,218.541261574074,"m","low","13:57:25","8/7/2023",4,25.3,25.8,26,NA,"f0003","W","sm",47.78,NA,"","",25.7,"aug23","Ami"
"MD25",218.598263888889,319.457521524809,0.9984207135102,2.82835528374576e-129,218.599305555556,"m","mid","15:21:00","8/7/2023",1,28.7,28,28,NA,"f0006","W","med",83.32,NA,"Extender","mixed up directions so they are not the normal configuration with low/high",28.2333333333333,"aug23","Nasuti"
"MD25",218.600173611111,519.772835348884,0.998442041996799,1.52350548737107e-129,218.601215277778,"m","low","15:23:45","8/7/2023",2,27.9,28.2,28.3,NA,"f0006","N","med",83.32,NA,"Extender","",28.1333333333333,"aug23","Nasuti"
"MD25",218.602083333333,485.636141643736,0.999237326766341,1.16893498621997e-143,218.603125,"m","mid","15:26:30","8/7/2023",3,27.8,27.6,28.1,NA,"f0006","E","med",83.32,NA,"Extender","",27.8333333333333,"aug23","Nasuti"
"MD25",218.602835648148,-973.109159674433,0.699710773081146,1.67819973864782e-25,218.603877314815,"m","low","15:27:35","8/7/2023",4,32.4,31.2,31.4,NA,"f0006","S","med",83.32,NA,"Extender","",31.6666666666667,"aug23","Nasuti"
"MD25",218.60625,638.564276385601,0.997788536637361,1.27240462336166e-122,218.607291666667,"m","top","15:32:30","8/7/2023",5,30.3,29.2,29.3,NA,"f0006","","med",83.32,NA,"Extender","",29.6,"aug23","Nasuti"
"MD26",218.613541666667,1843.08009464675,0.998444716381261,1.408943846898e-129,218.614583333333,"m","mid","15:43:00","8/7/2023",1,30,28.9,29.1,NA,"f0007","W","med",83.32,NA,"Extender","mixed up directions so they are not the normal configuration with low/high",29.3333333333333,"aug23","Copto"
"MD26",218.615740740741,1756.94454253392,0.995313503768387,8.82715437189919e-108,218.616782407407,"m","low","15:46:10","8/7/2023",2,28.7,29.5,29.7,NA,"f0007","N","med",83.32,NA,"Extender","",29.3,"aug23","Copto"
"MD26",218.617824074074,2278.42410564738,0.9993434148016,1.28265640519093e-146,218.618865740741,"m","mid","15:49:10","8/7/2023",3,29.7,30.2,31,NA,"f0007","E","med",83.32,NA,"Extender","",30.3,"aug23","Copto"
"MD26",218.619791666667,1247.99849870844,0.998888851604355,3.19220950205052e-136,218.620833333333,"m","low","15:52:00","8/7/2023",4,27.2,26.5,26.3,NA,"f0007","S","med",83.32,NA,"Extender","",26.6666666666667,"aug23","Copto"
"MD26",218.621875,1703.1748600933,0.999397060470814,2.65344681399673e-148,218.622916666667,"m","top","15:55:00","8/7/2023",5,28.5,29.3,29.5,NA,"f0007","","med",83.32,NA,"Extender","",29.1,"aug23","Copto"
"MD27",219.349884259259,950.142304173275,0.997665409408826,1.49730799793221e-121,219.350925925926,"m","mid","9:23:20","8/8/2023",1,24.3,21.7,21.2,NA,"f0002","N","med",83.32,NA,"Extender","",22.4,"aug23","Copto"
"MD27",219.351851851852,1070.88366504716,0.9996208703901,1.80362969314779e-157,219.352893518519,"m","low","9:26:10","8/8/2023",2,21.5,21.6,22,NA,"f0002","E","med",83.32,NA,"Extender","",21.7,"aug23","Copto"
"MD27",219.353761574074,1372.21848855902,0.997301503987983,5.63692416606844e-120,219.354803240741,"m","mid","9:28:55","8/8/2023",3,24,26.3,25.5,NA,"f0002","S","med",83.32,NA,"Extender","",25.2666666666667,"aug23","Copto"
"MD27",219.355671296296,1202.77485613418,0.998953915575733,2.04991158485733e-137,219.356712962963,"m","low","9:31:40","8/8/2023",4,25.4,25.8,26.2,NA,"f0002","W","med",83.32,NA,"Extender","",25.8,"aug23","Copto"
"MD27",219.358159722222,508.174147162467,0.993030869035801,5.08825678362807e-101,219.359201388889,"m","top","9:35:15","8/8/2023",5,23.3,23.8,24.5,NA,"f0002","","med",83.32,NA,"Extender","",23.8666666666667,"aug23","Copto"
"MD32",220.377199074074,707.485481519756,0.999114323011065,1.05303663067577e-140,220.378240740741,"m","mid","10:02:40","8/9/2023",1,25.4,25.4,25.4,NA,"f0001","N","med",83.32,NA,"Extender","",25.4,"aug23","Nasuti"
"MD32",220.378993055556,-39.1721344071639,0.696096313310182,1.58997824433361e-25,220.380034722222,"m","low","10:05:15","8/9/2023",2,25.2,25.1,25.3,NA,"f0001","E","med",83.32,NA,"Extender","",25.2,"aug23","Nasuti"
"MD32",220.380902777778,762.337569566833,0.997975707507542,2.27557077558498e-124,220.381944444444,"m","mid","10:08:00","8/9/2023",3,25.9,26.1,26.8,NA,"f0001","S","med",83.32,NA,"Extender","",26.2666666666667,"aug23","Nasuti"
"MD32",220.383043981481,113.112947148779,0.998411710141717,3.66326400511717e-129,220.384085648148,"m","low","10:11:05","8/9/2023",4,28,28,28,NA,"f0001","W","med",83.32,NA,"Extender","",28,"aug23","Nasuti"
"MD32",220.385127314815,461.470724052518,0.986442153844723,8.68566792728051e-87,220.386168981481,"m","top","10:14:05","8/9/2023",5,27.8,27.8,28.2,NA,"f0001","","med",83.32,NA,"Extender","",27.9333333333333,"aug23","Nasuti"
"MD35",220.527025462963,2733.36607583296,0.999522468136806,1.42257728149928e-154,220.52806712963,"m","mid","13:38:25","8/9/2023",1,25.9,26.1,26.1,NA,"f0005","N","med",83.32,NA,"Extender","mound coords way off - MD35REDO, also mound health in question",26.0333333333333,"aug23","Copto"
"MD35",220.528819444444,763.529228018521,0.994267044831034,8.48538701901362e-104,220.529861111111,"m","low","13:41:00","8/9/2023",2,26.1,26.1,26.1,NA,"f0005","E","med",83.32,NA,"Extender","",26.1,"aug23","Copto"
"MD35",220.530844907407,1022.3232157486,0.999152551674795,1.41435419250358e-141,220.531886574074,"m","mid","13:43:55","8/9/2023",3,26.2,26.7,26.8,NA,"f0005","S","med",83.32,NA,"Extender","",26.5666666666667,"aug23","Copto"
"MD35",220.532696759259,1233.9669930428,0.999509810170346,2.15231551646214e-152,220.533738425926,"m","low","13:46:35","8/9/2023",4,26.8,26.8,26.8,NA,"f0005","W","med",83.32,NA,"Extender","moss on surface",26.8,"aug23","Copto"
"MD35",220.534837962963,851.714513922515,0.995962602531326,6.31531582922475e-112,220.53587962963,"m","top","13:49:40","8/9/2023",5,28,27.7,27.6,NA,"f0005","","med",83.32,NA,"Extender","",27.7666666666667,"aug23","Copto"
"MD36",218.455381944444,133.97766718684,0.999195041738774,3.84248173708589e-144,218.456423611111,"m","mid","11:55:15","8/7/2023",1,26,26.8,27.3,NA,"f0001","N","sm",47.78,NA,"","",26.7,"aug23","Ami"
"MD36",218.457291666667,56.7116059177114,0.997025861173129,4.94442640192984e-118,218.458333333333,"m","low","11:58:00","8/7/2023",2,27.9,28,28.1,NA,"f0001","E","sm",47.78,NA,"","",28,"aug23","Ami"
"MD36",218.459201388889,43.4826243887704,0.995709513288585,1.5892358716274e-109,218.460243055556,"m","mid","12:00:45","8/7/2023",3,26.11,25.6,25.8,NA,"f0001","S","sm",47.78,NA,"","",25.8366666666667,"aug23","Ami"
"MD36",218.461111111111,59.6154571635444,0.995932962537114,1.39395584280025e-110,218.462152777778,"m","low","12:03:30","8/7/2023",4,26.2,26.7,26.8,NA,"f0001","W","sm",47.78,NA,"","",26.5666666666667,"aug23","Ami"
"MD37",218.568171296296,88.8780491157076,0.996730973219578,6.72918934562963e-115,218.569212962963,"m","mid","14:37:40","8/7/2023",1,29.9,30.1,30.4,NA,"f0005","N","sm",47.78,NA,"","",30.1333333333333,"aug23","Ami"
"MD37",218.570601851852,64.838519979904,0.973080319444972,3.12754360778363e-73,218.571643518519,"m","low","14:41:10","8/7/2023",2,29.8,29.4,28.9,NA,"f0005","E","sm",47.78,NA,"","",29.3666666666667,"aug23","Ami"
"MD37",218.572627314815,55.355003981058,0.995450772046476,1.5309787937149e-109,218.573668981481,"m","mid","14:44:05","8/7/2023",3,27.7,27.7,27.8,NA,"f0005","S","sm",47.78,NA,"","",27.7333333333333,"aug23","Ami"
"MD37",218.574652777778,43.2938937497087,0.982541321021907,8.63944186124708e-82,218.575694444444,"m","low","14:47:00","8/7/2023",4,28.1,28.3,28.5,NA,"f0005","W","sm",47.78,NA,"","",28.3,"aug23","Ami"
"MD42",218.554340277778,209.352980484943,0.998437430729144,1.74279275762076e-129,218.555381944444,"m","mid","14:17:45","8/7/2023",1,31.6,29.7,29.9,NA,"f0004","N","sm",47.78,NA,"","",30.4,"aug23","Ami"
"MD42",218.55625,27.9271032821101,0.990118464010271,4.87358876934219e-93,218.557291666667,"m","low","14:20:30","8/7/2023",2,27.1,26.1,26,NA,"f0004","E","sm",47.78,NA,"","",26.4,"aug23","Ami"
"MD42",218.558680555556,49.9522923488915,0.997509513299274,2.83588369954103e-120,218.559722222222,"m","mid","14:24:00","8/7/2023",3,26.3,27.5,27.7,NA,"f0004","S","sm",47.78,NA,"","",27.1666666666667,"aug23","Ami"
"MD42",218.560763888889,38.6429656367929,0.991719928170158,1.56150909480352e-96,218.561805555556,"m","low","14:27:00","8/7/2023",4,27.8,28,28.1,NA,"f0004","W","sm",47.78,NA,"","",27.9666666666667,"aug23","Ami"
"MD48",219.399479166667,1637.77580298479,0.990322809838668,1.88314726345867e-93,219.400520833333,"m","mid","10:34:45","8/8/2023",1,22.6,22.1,22.8,NA,"f0004","N","med",83.32,NA,"Extender","",22.5,"aug23","Copto"
"MD48",219.401331018519,1698.91007516494,0.999836904024858,3.86748393880382e-174,219.402372685185,"m","low","10:37:25","8/8/2023",2,21.2,21.9,22.4,NA,"f0004","E","med",83.32,NA,"Extender","",21.8333333333333,"aug23","Copto"
"MD48",219.404166666667,2755.27515277651,0.990525533819647,7.18604443839122e-94,219.405208333333,"m","mid","10:41:30","8/8/2023",3,22.2,22.2,22.2,NA,"f0004","S","med",83.32,NA,"Extender","use last 3 minute temps",22.2,"aug23","Copto"
"MD48",219.406076388889,1375.75043223438,0.998320421843958,4.65793416203395e-128,219.407118055556,"m","low","10:44:15","8/8/2023",4,21.5,22.8,23.1,NA,"f0004","W","med",83.32,NA,"Extender","",22.4666666666667,"aug23","Copto"
"MD48",219.408217592593,879.405222942449,0.998047482959612,4.40257161326341e-125,219.409259259259,"m","top","10:47:20","8/8/2023",5,21.9,22.3,22.4,NA,"f0004","","med",83.32,NA,"Extender","",22.2,"aug23","Copto"
"MD48",219.410648148148,423.363380237927,0.998031437974618,6.3889448787242e-125,219.411689814815,"s","2","10:50:50","8/8/2023",6,25.9,22.2,21.9,NA,"f0004","N","lg",183.85,NA,"Extender","",23.3333333333333,"aug23","Copto"
"MD50",219.425810185185,120.505351959791,0.994922929568117,2.38866027769221e-107,219.426851851852,"m","mid","11:12:40","8/8/2023",1,23.6,23.6,23.6,NA,"f0005","N","med",83.32,NA,"Extender","",23.6,"aug23","Nasuti"
"MD50",219.427719907407,172.309910819981,0.996940733604505,3.29203354109953e-116,219.428761574074,"m","low","11:15:25","8/8/2023",2,23.2,23.8,24.2,NA,"f0005","E","med",83.32,NA,"Extender","",23.7333333333333,"aug23","Nasuti"
"MD50",219.42974537037,129.559339651457,0.994455424933834,1.37400374666369e-105,219.430787037037,"m","mid","11:18:20","8/8/2023",3,25.7,25.4,25.4,NA,"f0005","S","med",83.32,NA,"Extender","",25.5,"aug23","Nasuti"
"MD50",219.431712962963,1346.58549255627,0.999227810340959,5.67980387080796e-145,219.43275462963,"m","low","11:21:10","8/8/2023",4,25.6,26.3,26.6,NA,"f0005","W","med",83.32,NA,"Extender","",26.1666666666667,"aug23","Nasuti"
"MD50",219.433738425926,104.511811262813,0.985697366793445,9.90181472658098e-86,219.434780092593,"m","top","11:24:05","8/8/2023",5,25.5,26.2,26.2,NA,"f0005","","med",83.32,NA,"Extender","",25.9666666666667,"aug23","Nasuti"
"MD50",219.4359375,229.422978002467,0.997921544657597,7.56606544048289e-124,219.436979166667,"s","2","11:27:15","8/8/2023",6,29.2,29,28.8,NA,"f0005","N","lg",183.85,NA,"Extender","",29,"aug23","Nasuti"
"MD52",219.604571759259,-184.581001975029,0.964465447960009,9.62774308873864e-68,219.605613425926,"m","mid","15:30:05","8/8/2023",1,27.8,28.1,28.1,NA,"f0011","N","med",83.32,NA,"Extender","",28,"aug23","Nasuti"
"MD52",219.606423611111,858.554459944998,0.997970005282955,2.58628469402237e-124,219.607465277778,"m","low","15:32:45","8/8/2023",2,28.1,28.3,28.7,NA,"f0011","E","med",83.32,NA,"Extender","",28.3666666666667,"aug23","Nasuti"
"MD52",219.608217592593,217.100086345227,0.9980872367518,7.51084806195505e-127,219.609259259259,"m","mid","15:35:20","8/8/2023",3,28.7,28.7,28.7,NA,"f0011","S","med",83.32,NA,"Extender","",28.7,"aug23","Nasuti"
"MD52",219.610532407407,81.9164554717253,0.99567634067662,2.25625744180177e-109,219.611574074074,"m","low","15:38:40","8/8/2023",4,31.2,31.2,27.3,NA,"f0011","W","med",83.32,NA,"Extender","",29.9,"aug23","Nasuti"
"MD52",219.612673611111,247.758183179098,0.997137353257279,8.52691929969315e-119,219.613715277778,"m","top","15:41:45","8/8/2023",5,27.8,28.9,29.6,NA,"f0011","","med",83.32,NA,"Extender","",28.7666666666667,"aug23","Nasuti"
"MD52",219.614756944444,168.241981905751,0.997658259485006,1.72083186124605e-121,219.615798611111,"s","2","15:44:45","8/8/2023",6,30.3,30.3,30.3,NA,"f0011","N","lg",183.85,NA,"Extender","",30.3,"aug23","Nasuti"
"MD54",219.524768518519,350.391803228601,0.999191943538655,1.6217941015417e-142,219.525810185185,"m","mid","13:35:10","8/8/2023",1,30.7,28.5,28.2,NA,"f0008","N","med",83.32,NA,"Extender","",29.1333333333333,"aug23","Ami"
"MD54",219.526678240741,82.3483349581929,0.993863823709751,1.45704901180956e-103,219.527719907407,"m","low","13:37:55","8/8/2023",2,26.5,26.6,26.7,NA,"f0008","E","med",83.32,NA,"Extender","",26.6,"aug23","Ami"
"MD54",219.528472222222,111.896687059617,0.99087136202359,1.32326523330563e-94,219.529513888889,"m","mid","13:40:30","8/8/2023",3,25.8,26.5,26.7,NA,"f0008","S","med",83.32,NA,"Extender","",26.3333333333333,"aug23","Ami"
"MD54",219.530381944444,159.793018154339,0.99440020296309,2.9124495326001e-104,219.531423611111,"m","low","13:43:15","8/8/2023",4,25.9,26.1,26.1,NA,"f0008","W","med",83.32,NA,"Extender","",26.0333333333333,"aug23","Ami"
"MD54",219.532465277778,122.338844265683,0.995643173805365,3.19447635599136e-109,219.533506944444,"s","2","13:46:15","8/8/2023",5,27,26.9,26.8,NA,"f0008","N","lg",183.85,NA,"Extender","",26.9,"aug23","Ami"
"MD55",219.299189814815,1884.03413872251,0.999237539026371,1.15422378252478e-143,219.300231481481,"m","mid","8:10:20","8/8/2023",1,19.6,19.7,20,NA,"f0000","N","med",83.32,NA,"Extender","",19.7666666666667,"aug23","Copto"
"MD55",219.301331018519,1630.36159847747,0.999478442499455,8.22011483320758e-153,219.302372685185,"m","low","8:13:25","8/8/2023",2,22.1,21.7,21.7,NA,"f0000","E","med",83.32,NA,"Extender","",21.8333333333333,"aug23","Copto"
"MD55",219.303298611111,1979.49928058658,0.995294563929796,7.23540295963146e-109,219.304340277778,"m","mid","8:16:15","8/8/2023",3,21.5,22.6,23.3,NA,"f0000","S","med",83.32,NA,"Extender","",22.4666666666667,"aug23","Copto"
"MD55",219.305208333333,531.301904794973,0.994695752327725,2.47023852560216e-105,219.30625,"m","low","8:19:00","8/8/2023",4,21.6,21.5,21.8,NA,"f0000","W","med",83.32,NA,"Extender","looks like old mound material",21.6333333333333,"aug23","Copto"
"MD55",219.307928240741,1247.26877217225,0.996756111555115,4.7360421584045e-115,219.308969907407,"m","top","8:22:55","8/8/2023",5,22,22.5,23,NA,"f0000","","med",83.32,NA,"Extender","use last 3 minute temps",22.5,"aug23","Copto"
"MD58",218.642534722222,256.502922244489,0.985709073449574,9.53963661696069e-86,218.643576388889,"m","mid","16:24:45","8/7/2023",1,27.5,28,28.5,NA,"f0008","N","med",83.32,NA,"Extender","",28,"aug23","Nasuti"
"MD58",218.644560185185,90.0123141926309,0.950352761550245,3.93792211307959e-61,218.645601851852,"m","low","16:27:40","8/7/2023",2,26.3,26.1,26.3,NA,"f0008","E","med",83.32,NA,"Extender","",26.2333333333333,"aug23","Nasuti"
"MD58",218.646875,102.874327901954,0.939748023824934,2.64920527386753e-57,218.647916666667,"m","mid","16:31:00","8/7/2023",3,26.5,26.2,26.1,NA,"f0008","S","med",83.32,NA,"Extender","",26.2666666666667,"aug23","Nasuti"
"MD58",218.648726851852,338.738698596013,0.973638174890037,1.20582759054914e-73,218.649768518519,"m","low","16:33:40","8/7/2023",4,26.8,27.4,27.6,NA,"f0008","W","med",83.32,NA,"Extender","",27.2666666666667,"aug23","Nasuti"
"MD58",218.650578703704,241.882391710369,0.951143921294805,1.89522252187387e-61,218.65162037037,"m","top","16:36:20","8/7/2023",5,27.2,27.6,27.9,NA,"f0008","","med",83.32,NA,"Extender","",27.5666666666667,"aug23","Nasuti"
"MD59",219.578703703704,1350.6330185247,0.997312991742776,8.98540176292176e-119,219.57974537037,"m","mid","14:52:50","8/8/2023",1,24.5,25.1,25.4,NA,"f0010","N","med",83.32,NA,"Extender","",25,"aug23","Copto"
"MD59",219.580439814815,2880.49625464649,0.997138288928825,1.57873171064968e-117,219.581481481481,"m","low","14:55:20","8/8/2023",2,25.4,25.6,25.7,NA,"f0010","E","med",83.32,NA,"Extender","",25.5666666666667,"aug23","Copto"
"MD59",219.58275462963,768.061933417743,0.998296421766609,8.88307438155465e-128,219.583796296296,"m","mid","14:58:40","8/8/2023",3,26.1,26.1,26.2,NA,"f0010","S","med",83.32,NA,"Extender","",26.1333333333333,"aug23","Copto"
"MD59",219.584548611111,2274.70344215232,0.998794261160585,1.31372820026459e-134,219.585590277778,"m","low","15:01:15","8/8/2023",4,26.7,26.2,26.7,NA,"f0010","W","med",83.32,NA,"Extender","",26.5333333333333,"aug23","Copto"
"MD59",219.586342592593,863.959739725775,0.997689510211835,9.3379637641987e-122,219.587384259259,"m","top","15:03:50","8/8/2023",5,27.7,29.8,30.7,NA,"f0010","","med",83.32,NA,"Extender","",29.4,"aug23","Copto"
"MD59",219.588078703704,424.32559062526,0.999102924108599,5.61305482923199e-142,219.58912037037,"s","2","15:06:20","8/8/2023",6,30.8,30.9,30.9,NA,"f0010","N","lg",183.85,NA,"Extender","",30.8666666666667,"aug23","Copto"
"MD61",219.548090277778,369.885894542693,0.999347929698983,9.37046183781018e-147,219.549131944444,"m","mid","14:08:45","8/8/2023",1,24.5,24,24.2,NA,"f0009","N","med",83.32,NA,"Extender","",24.2333333333333,"aug23","Nasuti"
"MD61",219.550115740741,923.122039483779,0.997289670738765,1.33139331451182e-118,219.551157407407,"m","low","14:11:40","8/8/2023",2,23.7,23.7,23.9,NA,"f0009","E","med",83.32,NA,"Extender","",23.7666666666667,"aug23","Nasuti"
"MD61",219.552314814815,210.958711242631,0.997648386255257,2.08391045619753e-121,219.553356481481,"m","mid","14:14:50","8/8/2023",3,23.6,23.8,24,NA,"f0009","S","med",83.32,NA,"Extender","",23.8,"aug23","Nasuti"
"MD61",219.554108796296,174.135864935951,0.99618475227776,7.60892308198237e-112,219.555150462963,"m","low","14:17:25","8/8/2023",4,23.9,24.4,24.7,NA,"f0009","W","med",83.32,NA,"Extender","",24.3333333333333,"aug23","Nasuti"
"MD61",219.55625,2742.43896617768,0.99890491732242,1.6454831741532e-136,219.557291666667,"m","top","14:20:30","8/8/2023",5,25,25.2,25.5,NA,"f0009","","med",83.32,NA,"Extender","",25.2333333333333,"aug23","Nasuti"
"MD63",219.37349537037,210.98130762719,0.998321659570069,4.50428380908824e-128,219.374537037037,"m","mid","9:57:20","8/8/2023",1,25,23.9,24.9,NA,"f0003","N","med",83.32,NA,"Extender","mound might be almost dead? keep in mind for next survey ",24.6,"aug23","Copto"
"MD63",219.375347222222,326.92295043911,0.999155493103901,3.48973775043019e-143,219.376388888889,"m","low","10:00:00","8/8/2023",2,22.1,23.8,25.4,NA,"f0003","E","med",83.32,NA,"Extender","moss on mound surface related to negative flux?",23.7666666666667,"aug23","Copto"
"MD63",219.377314814815,233.524819580343,0.993190984041005,1.74661894185865e-101,219.378356481481,"m","mid","10:02:50","8/8/2023",3,21.9,21.5,21.5,NA,"f0003","S","med",83.32,NA,"Extender","",21.6333333333333,"aug23","Copto"
"MD63",219.379224537037,488.214417155978,0.997496318853309,1.79487269521537e-121,219.380266203704,"m","low","10:05:35","8/8/2023",4,21.7,21.9,21.9,NA,"f0003","W","med",83.32,NA,"Extender","",21.8333333333333,"aug23","Copto"
"MD63",219.38130787037,62.4164667961663,0.982829373340877,4.05205451671189e-82,219.382349537037,"m","top","10:08:35","8/8/2023",5,21.4,21.7,22.1,NA,"f0003","","med",83.32,NA,"Extender","",21.7333333333333,"aug23","Copto"
"MD63",219.383506944444,172.91556312321,0.9902307734052,2.89701226751425e-93,219.384548611111,"s","2","10:11:45","8/8/2023",6,23.8,22.2,21.9,NA,"f0003","N","lg",183.85,NA,"Extender","",22.6333333333333,"aug23","Copto"
"MD65",219.503645833333,172.980396913733,0.995938331921637,1.31263070644608e-110,219.5046875,"m","mid","13:04:45","8/8/2023",1,26.9,27.1,26.9,NA,"f0007","N","med",83.32,NA,"Extender","",26.9666666666667,"aug23","Nasuti"
"MD65",219.505555555556,473.269166128788,0.998268512748511,1.86068372594969e-127,219.506597222222,"m","low","13:07:30","8/8/2023",2,26.5,26.6,27.1,NA,"f0007","E","med",83.32,NA,"Extender","",26.7333333333333,"aug23","Nasuti"
"MD65",219.507407407407,238.557284862188,0.999247067698929,1.77745588798292e-145,219.508449074074,"m","mid","13:10:10","8/8/2023",3,27.9,28,27.9,NA,"f0007","S","med",83.32,NA,"Extender","",27.9333333333333,"aug23","Nasuti"
"MD65",219.509259259259,364.152364331824,0.998598980260871,1.21545175782585e-131,219.510300925926,"m","low","13:12:50","8/8/2023",4,29,30.4,30.5,NA,"f0007","W","med",83.32,NA,"Extender","",29.9666666666667,"aug23","Nasuti"
"MD65",219.511226851852,340.440084918431,0.999287578398872,5.25914080299383e-145,219.512268518519,"m","top","13:15:40","8/8/2023",5,29.8,31.6,31.8,NA,"f0007","","med",83.32,NA,"Extender","",31.0666666666667,"aug23","Nasuti"
"MD65",219.513657407407,330.482306146454,0.992250534532184,7.66908661700985e-98,219.514699074074,"s","2","13:19:10","8/8/2023",6,32.2,33.4,32.1,NA,"f0007","N","lg",183.85,NA,"Extender","",32.5666666666667,"aug23","Nasuti"
