"","sample","Time_start","flux.CH4","ch4_co2","R2.CH4","p.CH4","fDOY_end","file","flux_source","position","flux_start","measurement_day_alt","month_alt","year_alt","measurement_day_actual","tag","t0","t1","t2","t3","directon","chamber","chamber_SA_cm2","soil_moisture","notes","measurement_day_altyr","avg_respT","ID_cleaned","arboreal"
"1","MD1",0.424722222222222,7112.58582140711,9.78565290464593,0.999126297907755,5.66820552411987e-141,0.425763888888889,"f0005","m","mid","10:11:06","1/01/2002",1,2002,"05/16/2022",1,38.6,35.6,36.3,NA,"N","med",83.32,NA,"","/01/2002",36.8333333333333,"Nasuti",0
"2","MD1",0.427268518518518,4943.03968256279,11.083093765916,0.998117626042501,8.33192431987262e-126,0.428310185185185,"f0005","m","low","10:14:46","1/01/2002",1,2002,"05/16/2022",2,31.4,31.4,30.9,NA,"E","med",83.32,NA,"","/01/2002",31.2333333333333,"Nasuti",0
"3","MD1",0.429513888888889,8710.45154626751,14.4433436865233,0.999852129491402,4.47578251655509e-176,0.430555555555556,"f0005","m","mid","10:18:00","1/01/2002",1,2002,"05/16/2022",3,33.3,33,34.2,NA,"S","med",83.32,NA,"","/01/2002",33.5,"Nasuti",0
"4","MD1",0.43224537037037,4291.34365815297,15.3817806123281,0.993929004539494,1.15039210239388e-102,0.433287037037037,"f0005","m","low","10:21:56","1/01/2002",1,2002,"05/16/2022",4,41.4,42.5,41.8,NA,"W","med",83.32,NA,"","/01/2002",41.9,"Nasuti",0
"5","MD1",31.4209490740741,2156.54046051636,8.41071123185956,0.998564440184092,1.38723748390853e-132,31.4219907407407,"f0007","m","top","10:05:40","2/01/2002",2,2002,"05/16/2022",5,38.6,39.2,37.6,NA,"","med",83.32,NA,"","/01/2002",38.4666666666667,"Nasuti",0
"9","MD10",334.420659722222,4111.91423655452,10.4224174267569,0.99976806283916,5.32047989484351e-169,334.421701388889,"f0019","m","low","10:05:15","12/01/2002",12,2002,"05/17/2022",1,32,32.2,32.3,NA,"N","med",83.32,NA,"colony overtaken by ants, ant sample taken","/01/2002",32.1666666666667,"Ami",0
"10","MD10",334.422858796296,4034.77095721837,16.8471064802727,0.99919706519186,1.21436693814044e-142,334.423900462963,"f0019","m","mid","10:08:25","12/01/2002",12,2002,"05/17/2022",2,31.5,31.5,31.6,NA,"E","med",83.32,NA,"colony overtaken by ants, ant sample taken","/01/2002",31.5333333333333,"Ami",0
"11","MD10",334.42494212963,2352.40284677555,7.99919440826855,0.999596814724182,2.96328992301616e-156,334.425983796296,"f0019","m","low","10:11:25","12/01/2002",12,2002,"05/17/2022",3,31.1,31.2,31.3,NA,"S","med",83.32,NA,"colony overtaken by ants, ant sample taken","/01/2002",31.2,"Ami",0
"12","MD10",334.427199074074,3993.10220360431,15.6519443694818,0.998052127963,3.95038838284959e-125,334.428240740741,"f0019","m","mid","10:14:40","12/01/2002",12,2002,"05/17/2022",4,31.9,32.2,32.3,NA,"W","med",83.32,NA,"colony overtaken by ants, ant sample taken","/01/2002",32.1333333333333,"Ami",0
"16","MD11",365.422280092593,12694.1223782348,11.0998011626627,0.999458799830345,4.50241559811405e-152,365.423321759259,"f0020","m","mid","10:07:35","1/01/2003",1,2003,"05/17/2022",1,31.8,30.8,30.7,NA,"N","med",83.32,NA,"Extender","/01/2003",31.1,"Nasuti",0
"17","MD11",365.424305555556,3038.66688444271,10.0414533139322,0.995665187846309,2.53686367158134e-109,365.425347222222,"f0020","m","low","10:10:30","1/01/2003",1,2003,"05/17/2022",2,29.6,29.7,30.8,NA,"E","med",83.32,NA,"Extender","/01/2003",30.0333333333333,"Nasuti",0
"18","MD11",365.4265625,5386.76040197311,9.73814999740064,0.991431644856373,7.41120655326979e-96,365.427604166667,"f0020","m","mid","10:13:45","1/01/2003",1,2003,"05/17/2022",3,30.1,30,30.1,NA,"S","med",83.32,NA,"Extender","/01/2003",30.0666666666667,"Nasuti",0
"19","MD11",365.428819444444,14782.7125952172,10.8367173860187,0.999190895543596,1.72031211431844e-142,365.429861111111,"f0020","m","low","10:17:00","1/01/2003",1,2003,"05/17/2022",4,31.2,31.8,32.1,NA,"W","med",83.32,NA,"Extender","/01/2003",31.7,"Nasuti",0
"20","MD11",365.430902777778,8624.36275369639,13.8470785990395,0.998474796886611,5.79375556021547e-130,365.431944444444,"f0020","m","top","10:20:00","1/01/2003",1,2003,"05/17/2022",5,31.9,32.4,32.2,NA,"","med",83.32,NA,"Extender","/01/2003",32.1666666666667,"Nasuti",0
"24","MD12",396.422511574074,2869.43646086848,0.836298643984899,0.9940547016712,4.44011653583876e-103,396.423553240741,"f0022","m","mid","10:07:55","2/01/2003",2,2003,"05/18/2022",1,25.7,24.3,24.2,NA,"N","med",83.32,NA,"Extender","/01/2003",24.7333333333333,"Copto",0
"25","MD12",396.424479166667,333.369120916262,0.202317763401358,0.988812442824901,1.3837931556365e-90,396.425520833333,"f0022","m","low","10:10:45","2/01/2003",2,2003,"05/18/2022",2,24.3,24.3,24.6,NA,"E","med",83.32,NA,"Extender","/01/2003",24.4,"Copto",0
"26","MD12",396.426678240741,1016.80867073257,0.344240518523763,0.99895282826237,2.14913601626707e-137,396.427719907407,"f0022","m","mid","10:13:55","2/01/2003",2,2003,"05/18/2022",3,25,27.2,28.2,NA,"S","med",83.32,NA,"Extender","/01/2003",26.8,"Copto",0
"27","MD12",396.428703703704,556.963118050436,0.42469722513952,0.99652452838043,1.09167019799983e-113,396.42974537037,"f0022","m","low","10:16:50","2/01/2003",2,2003,"05/18/2022",4,25.2,25.5,26,NA,"W","med",83.32,NA,"Extender","/01/2003",25.5666666666667,"Copto",0
"28","MD12",396.430671296296,533.333395391199,0.365807027066886,0.994147386159289,2.17216336075591e-103,396.431712962963,"f0022","m","top","10:19:40","2/01/2003",2,2003,"05/18/2022",5,25.9,26.6,27.2,NA,"","med",83.32,NA,"Extender","/01/2003",26.5666666666667,"Copto",0
"32","MD13",424.422511574074,2215.49348598791,1.98793735538751,0.998507890550513,2.13537679172557e-130,424.423553240741,"f0023","m","mid","10:07:55","3/01/2003",3,2003,"05/18/2022",1,28.9,27.9,28.1,NA,"N","med",83.32,NA,"","/01/2003",28.3,"Copto",0
"33","MD13",424.424421296296,1196.06438009162,1.65338811195174,0.994711227407041,2.16272148996539e-105,424.425462962963,"f0023","m","low","10:10:40","3/01/2003",3,2003,"05/18/2022",2,29.3,30.5,31.8,NA,"E","med",83.32,NA,"","/01/2003",30.5333333333333,"Copto",0
"34","MD13",424.426446759259,1467.33424327183,1.47457848121576,0.999152224306289,1.43942884590319e-141,424.427488425926,"f0023","m","mid","10:13:35","3/01/2003",3,2003,"05/18/2022",3,28.6,28.7,29.2,NA,"S","med",83.32,NA,"","/01/2003",28.8333333333333,"Copto",0
"35","MD13",424.428645833333,3421.78220000914,4.14480279023046,0.999732844718035,3.5485914585786e-166,424.4296875,"f0023","m","low","10:16:45","3/01/2003",3,2003,"05/18/2022",4,29.8,29.8,30.2,NA,"W","med",83.32,NA,"","/01/2003",29.9333333333333,"Copto",0
"36","MD13",424.430497685185,812.338720466278,1.47347432499096,0.998709148777414,2.92662708112363e-133,424.431539351852,"f0023","m","top","10:19:25","3/01/2003",3,2003,"05/18/2022",5,30.6,31.1,30.9,NA,"","med",83.32,NA,"","/01/2003",30.8666666666667,"Copto",0
"40","MD14",455.42337962963,311.871059943465,0.169640698083751,0.99361350321259,1.1535602457539e-101,455.424421296296,"f0025","m","mid","10:09:10","4/01/2003",4,2003,"05/18/2022",1,33.5,34.3,34.1,NA,"N","med",83.32,NA,"Extender, accidentally put a worker from mound 16 into this mound 14. both are suspected to be coptotermes","/01/2003",33.9666666666667,"Copto",0
"41","MD14",455.425694444444,391.913195178219,0.239091272708139,0.985537980360134,1.63960101174439e-85,455.426736111111,"f0025","m","low","10:12:30","4/01/2003",4,2003,"05/18/2022",2,33.1,29.9,29.8,NA,"E","med",83.32,NA,"Extender, accidentally put a worker from mound 16 into this mound 14. both are suspected to be coptotermes","/01/2003",30.9333333333333,"Copto",0
"42","MD14",455.427893518519,5506.98394856735,1.58151868453394,0.99969780089068,1.02900275577062e-163,455.428935185185,"f0025","m","mid","10:15:40","4/01/2003",4,2003,"05/18/2022",3,33.1,33.7,32.2,NA,"S","med",83.32,NA,"Extender, accidentally put a worker from mound 16 into this mound 14. both are suspected to be coptotermes","/01/2003",33,"Copto",0
"43","MD14",455.429976851852,6789.49593071466,1.20566788794769,0.998114602575824,8.96312855833874e-126,455.431018518518,"f0025","m","low","10:18:40","4/01/2003",4,2003,"05/18/2022",4,31.4,31.8,31.7,NA,"W","med",83.32,NA,"Extender, accidentally put a worker from mound 16 into this mound 14. both are suspected to be coptotermes","/01/2003",31.6333333333333,"Copto",0
"44","MD14",455.433159722222,1448.92188560593,0.9432091556932,0.998764444917638,3.99222519769624e-134,455.434201388889,"f0025","m","top","10:23:15","4/01/2003",4,2003,"05/18/2022",5,32.5,32.4,33,NA,"","med",83.32,NA,"Extender, accidentally put a worker from mound 16 into this mound 14. both are suspected to be coptotermes","/01/2003",32.6333333333333,"Copto",0
"48","MD15",485.381018518519,7252.99879090001,19.6183867326838,0.995184502990365,2.09596136374202e-108,485.382060185185,"f0026","m","mid","10:08:10","5/01/2003",5,2003,"05/18/2022",1,38.3,39.5,39.8,NA,"N","med",83.32,NA,"","/01/2003",39.2,"Ami",0
"49","MD15",485.382928240741,4033.16453914621,229.386209772,0.997354101269849,4.45523491792279e-119,485.383969907407,"f0026","m","mid","10:10:55","5/01/2003",5,2003,"05/18/2022",2,36.7,35.9,35.8,NA,"S","med",83.32,NA,"","/01/2003",36.1333333333333,"Ami",0
"53","MD16",516.382118055556,39.9030838509539,0.0958151359705159,0.861566502572235,7.57371345842574e-41,516.383159722222,"f0027","m","mid","10:09:45","6/01/2003",6,2003,"05/18/2022",1,35.9,37.8,37.5,NA,"N","med",83.32,NA,"Extender","/01/2003",37.0666666666667,"",0
"54","MD16",516.384201388889,2806.24340227898,1.39653454002767,0.999170069087623,5.46777962711356e-142,516.385243055556,"f0027","m","low","10:12:45","6/01/2003",6,2003,"05/18/2022",2,34,33.9,34.7,NA,"E","med",83.32,NA,"Extender","/01/2003",34.2,"",0
"55","MD16",516.386284722222,909.810943354815,0.580200438870132,0.997832072088152,2.3844584208328e-124,516.387326388889,"f0027","m","mid","10:15:45","6/01/2003",6,2003,"05/18/2022",3,34.3,33.5,32.9,NA,"S","med",83.32,NA,"Extender","/01/2003",33.5666666666667,"",0
"56","MD16",516.388310185185,2141.27267426651,1.17707177424229,0.999297183274845,2.83589835259149e-145,516.389351851852,"f0027","m","low","10:18:40","6/01/2003",6,2003,"05/18/2022",4,35.9,37.9,37.9,NA,"W","med",83.32,NA,"Extender","/01/2003",37.2333333333333,"",0
"57","MD16",516.390393518519,360.819066888062,0.653180048002714,0.997162132086867,1.07888256843802e-117,516.391435185185,"f0027","m","top","10:21:40","6/01/2003",6,2003,"05/18/2022",5,35.1,35.2,35.3,NA,"","med",83.32,NA,"Extender","/01/2003",35.2,"",0
"61","MD17",546.38275462963,9501.04735555581,6.56173686585522,0.999547276447712,5.77734123927336e-154,546.383796296296,"f0028","m","mid","10:10:40","7/01/2003",7,2003,"05/18/2022",1,34.5,35.6,35.7,NA,"N","med",83.32,NA,"","/01/2003",35.2666666666667,"",0
"62","MD17",546.384722222222,13590.9495483566,6.99873474057239,0.999363745526648,3.06595039324734e-147,546.385763888889,"f0028","m","low","10:13:30","7/01/2003",7,2003,"05/18/2022",2,31.7,31.3,31,NA,"E","med",83.32,NA,"","/01/2003",31.3333333333333,"",0
"63","MD17",546.386689814815,9878.1088557222,8.10675616493314,0.999123821693446,1.89804777636874e-142,546.387731481482,"f0028","m","mid","10:16:20","7/01/2003",7,2003,"05/18/2022",3,32.1,33.2,33.6,NA,"S","med",83.32,NA,"","/01/2003",32.9666666666667,"",0
"64","MD17",546.38900462963,16490.1529610381,7.82216657239387,0.999531350314741,2.78563925603371e-153,546.390046296296,"f0028","m","low","10:19:40","7/01/2003",7,2003,"05/18/2022",4,32.7,33,33.2,NA,"W","med",83.32,NA,"","/01/2003",32.9666666666667,"",0
"68","MD18",577.380150462963,3046.80811740145,6.49589355046297,0.999267887226026,1.81836130937901e-144,577.38119212963,"f0029","m","mid","10:06:55","8/01/2003",8,2003,"05/18/2022",1,30.2,29,28.8,NA,"N","med",83.32,NA,"","/01/2003",29.3333333333333,"",0
"69","MD18",577.382175925926,722.610140626398,1.66475023951643,0.998967295521844,1.1411863082469e-137,577.383217592593,"f0029","m","low","10:09:50","8/01/2003",8,2003,"05/18/2022",2,28.3,28.5,28.7,NA,"E","med",83.32,NA,"","/01/2003",28.5,"",0
"70","MD18",577.38431712963,1666.61967348091,3.68281762207591,0.999015537100949,1.29421415426516e-138,577.385358796296,"f0029","m","mid","10:12:55","8/01/2003",8,2003,"05/18/2022",3,27.9,28.1,28.2,NA,"S","med",83.32,NA,"","/01/2003",28.0666666666667,"",0
"71","MD18",577.386342592593,816.254212921522,1.66241557914665,0.998750764679189,6.58878702370087e-134,577.387384259259,"f0029","m","low","10:15:50","8/01/2003",8,2003,"05/18/2022",4,27.9,27.9,29,NA,"W","med",83.32,NA,"","/01/2003",28.2666666666667,"",0
"76","MD2",59.4191782407407,1127.21074000462,2.32887528676701,0.989177336357827,3.06014813704455e-91,59.4202199074074,"f0009","m","mid","10:03:07","3/01/2002",3,2002,"05/16/2022",1,36,36.4,36.2,NA,"N","med",83.32,NA,"","/01/2002",36.2,"Copto",0
"77","MD2",59.4215277777778,2380.65046782576,1.23047304337368,0.999520331840713,8.01934208232113e-153,59.4225694444444,"f0009","m","low","10:06:30","3/01/2002",3,2002,"05/16/2022",2,35,34.5,35.5,NA,"E","med",83.32,NA,"","/01/2002",35,"Copto",0
"78","MD2",59.4237847222222,847.280462153072,0.885651761414685,0.998459697662098,9.07038337025679e-130,59.4248263888889,"f0009","m","mid","10:09:45","3/01/2002",3,2002,"05/16/2022",3,35.2,34.7,34.3,NA,"S","med",83.32,NA,"","/01/2002",34.7333333333333,"Copto",0
"79","MD2",59.4262152777778,2873.3875704843,2.09241813249858,0.999356118634187,5.27265799273598e-147,59.4272569444444,"f0009","m","low","10:13:15","3/01/2002",3,2002,"05/16/2022",4,34.9,34.4,34.5,NA,"W","med",83.32,NA,"","/01/2002",34.6,"Copto",0
"80","MD2",59.4286458333333,1538.16072849735,1.658029821461,0.99945764864507,2.14345678302149e-150,59.4296875,"f0009","m","top","10:16:45","3/01/2002",3,2002,"05/16/2022",5,36.3,36.8,36.8,NA,"","med",83.32,NA,"","/01/2002",36.6333333333333,"Copto",0
"85","MD21",669.422048611111,953.229286743319,7.07664876923439,0.999298106070678,2.67133333329046e-145,669.423090277778,"f0034","m","mid","10:07:15","11/01/2003",11,2003,"05/19/2022",1,28.9,27.8,27.5,NA,"N","med",83.32,NA,"","/01/2003",28.0666666666667,"Ami",0
"86","MD21",669.423958333333,1431.73214315398,6.84541255959818,0.999451626338904,3.54264415626129e-150,669.425,"f0034","m","low","10:10:00","11/01/2003",11,2003,"05/19/2022",2,28.7,29,29.7,NA,"S","med",83.32,NA,"","/01/2003",29.1333333333333,"Ami",0
"87","MD21",669.425810185185,542.257260480414,3.97427393955538,0.997880453816686,1.84386158498857e-123,669.426851851852,"f0034","m","mid","10:12:40","11/01/2003",11,2003,"05/19/2022",3,28,28.3,28.4,NA,"W","med",83.32,NA,"","/01/2003",28.2333333333333,"Ami",0
"91","MD22",699.423206018518,741.955372360702,3.6283678006287,0.999425248033546,3.00406706805472e-149,699.424247685185,"f0035","m","mid","10:08:55","12/01/2003",12,2003,"05/19/2022",1,29.2,29.4,29.4,NA,"E","med",83.32,NA,"","/01/2003",29.3333333333333,"Ami",0
"92","MD22",699.425231481481,921.790857793791,4.93678134781121,0.999259414966419,3.0693262672663e-144,699.426273148148,"f0035","m","low","10:11:50","12/01/2003",12,2003,"05/19/2022",2,28.2,27.9,27.9,NA,"W","med",83.32,NA,"","/01/2003",28,"Ami",0
"96","MD23",730.422222222222,967.477707407019,4.44438658589778,0.999390862191945,1.03731606701846e-149,730.423263888889,"f0036","m","mid","10:07:30","1/01/2004",1,2004,"05/19/2022",1,33,32.3,32.1,NA,"N","med",83.32,NA,"","/01/2004",32.4666666666667,"Ami",0
"97","MD23",730.424594907407,929.039950675233,4.9736362593176,0.998925416364176,6.96441832299999e-137,730.425636574074,"f0036","m","low","10:10:55","1/01/2004",1,2004,"05/19/2022",2,34.6,33.8,33.8,NA,"E","med",83.32,NA,"","/01/2004",34.0666666666667,"Ami",0
"98","MD23",730.42662037037,777.472131510594,5.38615136600599,0.998670716459361,4.03236253788551e-134,730.427662037037,"f0036","m","mid","10:13:50","1/01/2004",1,2004,"05/19/2022",3,30.4,29.4,29.1,NA,"S","med",83.32,NA,"","/01/2004",29.6333333333333,"Ami",0
"99","MD23",730.428587962963,826.934790148423,3.16722155273201,0.999254854565639,1.10182470298283e-145,730.42962962963,"f0036","m","low","10:16:40","1/01/2004",1,2004,"05/19/2022",4,29.4,29.6,29.6,NA,"W","med",83.32,NA,"","/01/2004",29.5333333333333,"Ami",0
"103","MD24",761.423611111111,450.108052824968,3.61593573122872,0.997881474513359,1.80388943331103e-123,761.424652777778,"f0037","m","mid","10:09:30","2/01/2004",2,2004,"05/19/2022",1,36.6,34.6,34.1,NA,"N","med",83.32,NA,"","/01/2004",35.1,"Ami",0
"104","MD24",761.425520833333,1474.22018255032,11.1732253092122,0.99877955803603,7.92343742247013e-136,761.4265625,"f0037","m","low","10:12:15","2/01/2004",2,2004,"05/19/2022",2,33.4,33.1,32.9,NA,"E","med",83.32,NA,"","/01/2004",33.1333333333333,"Ami",0
"105","MD24",761.427662037037,440.128391259703,3.48444720927306,0.997493201886922,3.81672092191947e-120,761.428703703704,"f0037","m","mid","10:15:20","2/01/2004",2,2004,"05/19/2022",3,32.4,32.3,32,NA,"S","med",83.32,NA,"","/01/2004",32.2333333333333,"Ami",0
"106","MD24",761.429513888889,483.16559126955,5.37231903508282,0.99529897089133,1.01626326307189e-107,761.430555555556,"f0037","m","low","10:18:00","2/01/2004",2,2004,"05/19/2022",4,32.1,32.1,31.8,NA,"W","med",83.32,NA,"","/01/2004",32,"Ami",0
"110","MD25",790.422569444444,4450.66198460189,4.97042994125672,0.996239394417781,3.94689952791226e-112,790.423611111111,"f0038","m","mid","10:08:00","3/01/2004",3,2004,"05/19/2022",1,34,35.6,36,NA,"N","med",83.32,NA,"Extender","/01/2004",35.2,"Nasuti",0
"111","MD25",790.424652777778,3718.41231789824,6.04168999124221,0.999582931443432,1.38278237707421e-155,790.425694444444,"f0038","m","low","10:11:00","3/01/2004",3,2004,"05/19/2022",2,32.6,33.9,34.5,NA,"E","med",83.32,NA,"Extender","/01/2004",33.6666666666667,"Nasuti",0
"112","MD25",790.42662037037,2181.52165099658,5.82880090528367,0.998699475338558,4.11053846790606e-133,790.427662037037,"f0038","m","mid","10:13:50","3/01/2004",3,2004,"05/19/2022",3,37.1,36.9,36.5,NA,"S","med",83.32,NA,"Extender","/01/2004",36.8333333333333,"Nasuti",0
"113","MD25",790.428703703704,4208.83801621759,4.98718306626869,0.998772561965197,2.95779433172894e-134,790.42974537037,"f0038","m","low","10:16:50","3/01/2004",3,2004,"05/19/2022",4,33.5,32.9,32.7,NA,"W","med",83.32,NA,"Extender","/01/2004",33.0333333333333,"Nasuti",0
"114","MD25",790.430613425926,1663.58863345459,3.73879332060595,0.998815417247699,5.87089132678183e-135,790.431655092593,"f0038","m","top","10:19:35","3/01/2004",3,2004,"05/19/2022",5,33.1,34.1,34.7,NA,"","med",83.32,NA,"Extender","/01/2004",33.9666666666667,"Nasuti",0
"118","MD26",821.423032407407,10735.6148457184,2.46120464222001,0.999591501219234,5.37641616360565e-156,821.424074074074,"f0039","m","mid","10:08:40","4/01/2004",4,2004,"05/19/2022",1,35.5,35.9,36.5,NA,"N","med",83.32,NA,"Extender","/01/2004",35.9666666666667,"Copto",0
"119","MD26",821.425115740741,2925.11641434837,1.64590622244066,0.999785266493536,1.05369162390147e-168,821.426157407407,"f0039","m","low","10:11:40","4/01/2004",4,2004,"05/19/2022",2,32.4,31.9,32.6,NA,"E","med",83.32,NA,"Extender","/01/2004",32.3,"Copto",0
"120","MD26",821.427141203704,2980.94407698508,1.34842870382689,0.99893145009031,5.39035511901846e-137,821.42818287037,"f0039","m","mid","10:14:35","4/01/2004",4,2004,"05/19/2022",3,38.5,39.8,39,NA,"S","med",83.32,NA,"Extender","/01/2004",39.1,"Copto",0
"121","MD26",821.429282407407,5114.13256334202,4.66622123180878,0.999253505222527,4.40659510925616e-144,821.430324074074,"f0039","m","low","10:17:40","4/01/2004",4,2004,"05/19/2022",4,35.4,35.3,35,NA,"W","med",83.32,NA,"Extender","/01/2004",35.2333333333333,"Copto",0
"122","MD26",821.431076388889,5900.63804156279,2.55150193262248,0.999117692198736,8.8537906525941e-141,821.432118055556,"f0039","m","top","10:20:15","4/01/2004",4,2004,"05/19/2022",5,35.1,36,36.6,NA,"","med",83.32,NA,"Extender","/01/2004",35.9,"Copto",0
"126","MD27",851.381365740741,3860.50298840486,2.04161778533916,0.998281244940247,1.32992854315369e-127,851.382407407407,"f0040","m","mid","10:08:40","5/01/2004",5,2004,"05/19/2022",1,33.2,32.3,32.2,NA,"N","med",83.32,NA,"Extender","/01/2004",32.5666666666667,"Copto",0
"127","MD27",851.383391203704,2237.10962980785,1.95244816219886,0.999316515298781,7.97134956366982e-146,851.38443287037,"f0040","m","low","10:11:35","5/01/2004",5,2004,"05/19/2022",2,29.9,29.7,29.7,NA,"E","med",83.32,NA,"Extender","/01/2004",29.7666666666667,"Copto",0
"128","MD27",851.385416666667,2588.03353057244,1.85120414893377,0.999608304889958,7.9515232158569e-157,851.386458333333,"f0040","m","mid","10:14:30","5/01/2004",5,2004,"05/19/2022",3,29.9,30.2,30.1,NA,"S","med",83.32,NA,"Extender","/01/2004",30.0666666666667,"Copto",0
"129","MD27",851.387326388889,4728.41405549417,1.53110566983005,0.999203921049795,8.22053118562507e-143,851.388368055556,"f0040","m","low","10:17:15","5/01/2004",5,2004,"05/19/2022",4,30.2,31.1,31.2,NA,"W","med",83.32,NA,"Extender","/01/2004",30.8333333333333,"Copto",0
"130","MD27",851.389583333333,837.633758652114,2.07946526159775,0.962948791687627,6.45287530542229e-67,851.390625,"f0040","m","top","10:20:30","5/01/2004",5,2004,"05/19/2022",5,29.9,30.3,30.4,NA,"","med",83.32,NA,"Extender","/01/2004",30.2,"Copto",0
"134","MD28",882.379166666667,-3.75993158651411,-0.00608625092532922,0.0176485499108385,0.204281961078628,882.380208333333,"f0042","m","mid","10:05:30","6/01/2004",6,2004,"05/20/2022",1,26.2,25.6,25.4,NA,"N","med",83.32,NA,"Extender","/01/2004",25.7333333333333,"Copto",0
"135","MD28",882.381134259259,97.7517486975497,0.0773644591327127,0.941755448963288,5.6635024618819e-58,882.382175925926,"f0042","m","low","10:08:20","6/01/2004",6,2004,"05/20/2022",2,26.1,26.6,27.2,NA,"E","med",83.32,NA,"Extender","/01/2004",26.6333333333333,"Copto",0
"136","MD28",882.383043981481,20.6308266290142,0.0219731828472932,0.335928124741145,1.14840273962804e-09,882.384085648148,"f0042","m","mid","10:11:05","6/01/2004",6,2004,"05/20/2022",3,26.3,27.3,27.7,NA,"S","med",83.32,NA,"Extender","/01/2004",27.1,"Copto",0
"137","MD28",882.384953703704,-110.347951777937,-0.156099652811917,0.938865522544289,5.1362164691859e-57,882.38599537037,"f0042","m","low","10:13:50","6/01/2004",6,2004,"05/20/2022",4,27.2,26.9,26.8,NA,"W","med",83.32,NA,"Extender, this part of the mound seemed dead (lots of roots and moss-like stuff present)","/01/2004",26.9666666666667,"Copto",0
"138","MD28",882.386979166667,267.943310921259,0.462702616555016,0.989054662518929,5.11082603483001e-91,882.388020833333,"f0042","m","top","10:16:45","6/01/2004",6,2004,"05/20/2022",5,27.6,27.7,27.9,NA,"","med",83.32,NA,"Extender","/01/2004",27.7333333333333,"Copto",0
"142","MD29",912.38431712963,-74.9984069928193,-0.108695068795964,0.872524468534777,6.27247574156937e-43,912.385358796296,"f0043","m","mid","10:12:55","7/01/2004",7,2004,"05/20/2022",1,24.4,24.5,24.7,NA,"N","med",83.32,NA,"Extender","/01/2004",24.5333333333333,"Copto",0
"143","MD29",912.386226851852,420.659634723721,0.197924913713341,0.996186954291003,4.55187619036845e-113,912.387268518519,"f0043","m","low","10:15:40","7/01/2004",7,2004,"05/20/2022",2,24.3,24.7,24.9,NA,"E","med",83.32,NA,"Extender","/01/2004",24.6333333333333,"Copto",0
"144","MD29",912.388078703704,319.339159236775,0.315922129205427,0.994375104753771,3.56969991326263e-104,912.38912037037,"f0043","m","mid","10:18:20","7/01/2004",7,2004,"05/20/2022",3,24.6,24.7,24.6,NA,"S","med",83.32,NA,"Extender","/01/2004",24.6333333333333,"Copto",0
"145","MD29",912.390277777778,503.166285467942,0.492292415183366,0.979772716325142,7.0101363131573e-79,912.391319444444,"f0043","m","low","10:21:30","7/01/2004",7,2004,"05/20/2022",4,24.4,24.7,24.7,NA,"W","med",83.32,NA,"Extender, ants inhabiting this part of the mound","/01/2004",24.6,"Copto",0
"146","MD29",912.39212962963,380.330910319633,0.484662529472193,0.993013452214433,5.70738425576978e-101,912.393171296296,"f0043","m","top","10:24:10","7/01/2004",7,2004,"05/20/2022",5,24.7,25.4,25.8,NA,"","med",83.32,NA,"Extender","/01/2004",25.3,"Copto",0
"150","MD3",90.4214699074074,4265.47589639393,15.9365951167461,0.999105567496243,1.64752107956836e-140,90.4225115740741,"f0010","m","mid","10:06:25","4/01/2002",4,2002,"05/16/2022",1,31.8,31.7,31.8,NA,"N","med",83.32,NA,"","/01/2002",31.7666666666667,"Ami",0
"151","MD3",90.4236111111111,1295.74714700791,9.24181132369188,0.998961031397189,1.50264854226209e-137,90.4246527777778,"f0010","m","low","10:09:30","4/01/2002",4,2002,"05/16/2022",2,29.8,29.5,29.7,NA,"E","med",83.32,NA,"","/01/2002",29.6666666666667,"Ami",0
"152","MD3",90.4256365740741,378.360760720522,4.11336232485621,0.996429959756158,3.70350334320417e-113,90.4266782407407,"f0010","m","low","10:12:25","4/01/2002",4,2002,"05/16/2022",3,30,30.4,30.6,NA,"S","med",83.32,NA,"","/01/2002",30.3333333333333,"Ami",0
"153","MD3",90.4277199074074,2003.41053638551,14.3768829192782,0.999202177420628,9.08099768075362e-143,90.4287615740741,"f0010","m","mid","10:15:25","4/01/2002",4,2002,"05/16/2022",4,32.6,32.6,32.5,NA,"W","med",83.32,NA,"","/01/2002",32.5666666666667,"Ami",0
"157","MD30",943.380497685185,409.783513819279,0.551771442369986,0.98998622624825,8.92407536138814e-93,943.381539351852,"f0044","m","mid","10:07:25","8/01/2004",8,2004,"05/20/2022",1,33.3,33.6,34.2,NA,"N","med",83.32,NA,"Extender, cohabitated by nasutes and coptos (both soldiers found and sampled)","/01/2004",33.7,"Copto",0
"158","MD30",943.382465277778,213.926608719331,0.0931478863855223,0.986546422221424,6.11256470830309e-87,943.383506944444,"f0044","m","low","10:10:15","8/01/2004",8,2004,"05/20/2022",2,33.2,34.9,35.4,NA,"E","med",83.32,NA,"Extender, cohabitated by nasutes and coptos (both soldiers found and sampled)","/01/2004",34.5,"Copto",0
"159","MD30",943.384375,196.769687609491,0.190551668727091,0.985346597922067,2.98237717544208e-85,943.385416666667,"f0044","m","mid","10:13:00","8/01/2004",8,2004,"05/20/2022",3,32.2,31.7,31.5,NA,"S","med",83.32,NA,"Extender, cohabitated by nasutes and coptos (both soldiers found and sampled)","/01/2004",31.8,"Copto",0
"160","MD30",943.386342592593,105.313218570869,0.121744804044916,0.957178940418989,4.68741241712918e-64,943.387384259259,"f0044","m","low","10:15:50","8/01/2004",8,2004,"05/20/2022",4,32.5,32.6,32.2,NA,"W","med",83.32,NA,"Extender, cohabitated by nasutes and coptos (both soldiers found and sampled)","/01/2004",32.4333333333333,"Copto",0
"161","MD30",943.388541666667,341.138233069332,1.08598719733004,0.878372618717477,2.07811361505329e-43,943.389583333333,"f0044","m","top","10:19:00","8/01/2004",8,2004,"05/20/2022",5,33,32.4,32.4,NA,"","med",83.32,NA,"Extender, cohabitated by nasutes and coptos (both soldiers found and sampled)","/01/2004",32.6,"Copto",0
"165","MD31",974.379861111111,3994.69685957711,19.2615872293044,0.999167095888133,6.43392651096263e-142,974.380902777778,"f0045","m","mid","10:06:30","9/01/2004",9,2004,"05/20/2022",1,32.3,31.5,30.8,NA,"N","med",83.32,NA,"","/01/2004",31.5333333333333,"Nasuti",0
"166","MD31",974.381712962963,680.471070696472,2.48168134862802,0.996876466637433,8.47794803684124e-116,974.38275462963,"f0045","m","low","10:09:10","9/01/2004",9,2004,"05/20/2022",2,30.1,29.6,29.7,NA,"E","med",83.32,NA,"","/01/2004",29.8,"Nasuti",0
"167","MD31",974.383564814815,802.266464568272,4.6045510432997,0.997182467955708,7.77784127921904e-118,974.384606481481,"f0045","m","low","10:11:50","9/01/2004",9,2004,"05/20/2022",3,32.3,32.8,33.1,NA,"S","med",83.32,NA,"","/01/2004",32.7333333333333,"Nasuti",0
"171","MD32",1004.37743055556,1718.96360417388,5.14571507441114,0.999101137348042,2.0628332361502e-140,1004.37847222222,"f0046","m","mid","10:03:00","10/01/2004",10,2004,"05/20/2022",1,32.9,33.1,32.9,NA,"N","med",83.32,NA,"Extender","/01/2004",32.9666666666667,"Nasuti",0
"172","MD32",1004.37951388889,5046.53742923693,7.2591446048442,0.997831702266679,5.18917295553498e-123,1004.38055555556,"f0046","m","low","10:06:00","10/01/2004",10,2004,"05/20/2022",2,31,31.2,31.2,NA,"E","med",83.32,NA,"Extender","/01/2004",31.1333333333333,"Nasuti",0
"173","MD32",1004.38148148148,809.034457007167,5.05335429737564,0.997023209616657,9.4930387639396e-117,1004.38252314815,"f0046","m","mid","10:08:50","10/01/2004",10,2004,"05/20/2022",3,31.2,32.2,32.3,NA,"S","med",83.32,NA,"Extender","/01/2004",31.9,"Nasuti",0
"174","MD32",1004.38350694444,8509.37497066717,10.2122123976243,0.996431402510731,3.63601010373347e-113,1004.38454861111,"f0046","m","low","10:11:45","10/01/2004",10,2004,"05/20/2022",4,30.4,30.2,29.8,NA,"W","med",83.32,NA,"Extender","/01/2004",30.1333333333333,"Nasuti",0
"175","MD32",1004.38553240741,10779.3546721446,13.9204452925084,0.997965820434685,1.27410724326225e-125,1004.38657407407,"f0046","m","top","10:14:40","10/01/2004",10,2004,"05/20/2022",5,30.3,30.8,30.6,NA,"","med",83.32,NA,"Extender","/01/2004",30.5666666666667,"Nasuti",0
"179","MD33",1035.41996527778,3114.70306052841,16.4441647616317,0.998744893697796,8.15560786974969e-134,1035.42100694444,"f0047","m","mid","10:04:15","11/01/2004",11,2004,"05/20/2022",1,26.4,26.8,27.1,NA,"N","med",83.32,NA,"","/01/2004",26.7666666666667,"Copto",0
"180","MD33",1035.421875,2116.60700882307,7.17793232143151,0.999392655550347,3.69531022906685e-148,1035.42291666667,"f0047","m","low","10:07:00","11/01/2004",11,2004,"05/20/2022",2,26.1,26.6,27.1,NA,"S","med",83.32,NA,"","/01/2004",26.6,"Copto",0
"181","MD33",1035.42372685185,2271.27471761699,11.1554595232502,0.989286203718536,1.98861493877171e-92,1035.42476851852,"f0047","m","low","10:09:40","11/01/2004",11,2004,"05/20/2022",3,26.7,26.9,26.9,NA,"W","med",83.32,NA,"","/01/2004",26.8333333333333,"Copto",0
"187","MD35",1096.42256944444,215.623725399915,0.0550210124168609,0.985737314572401,8.71841321936114e-86,1096.42361111111,"f0050","m","mid","10:08:00","1/01/2005",1,2005,"05/23/2022",1,29.9,30,30.2,NA,"N","med",83.32,NA,"Extender","/01/2005",30.0333333333333,"Copto",0
"188","MD35",1096.42453703704,-105.174563281662,-0.0661817376094686,0.950625352043631,3.06486895078841e-61,1096.4255787037,"f0050","m","low","10:10:50","1/01/2005",1,2005,"05/23/2022",2,29.7,29.8,29.6,NA,"E","med",83.32,NA,"Extender","/01/2005",29.7,"Copto",0
"189","MD35",1096.42766203704,-158.338373786852,-0.10480624492531,0.975129870823988,8.50994761288499e-75,1096.4287037037,"f0050","m","mid","10:15:20","1/01/2005",1,2005,"05/23/2022",3,28.7,28.6,28.4,NA,"S","med",83.32,NA,"Extender","/01/2005",28.5666666666667,"Copto",0
"190","MD35",1096.43015046296,1706.92386990753,0.817302816256468,0.99934997899877,8.12008543377689e-147,1096.43119212963,"f0050","m","low","10:18:55","1/01/2005",1,2005,"05/23/2022",4,29.2,29.5,29.6,NA,"W","med",83.32,NA,"Extender","/01/2005",29.4333333333333,"Copto",0
"191","MD35",1096.4322337963,-194.050820728463,-0.141760366447238,0.990054186208085,6.49299463510028e-94,1096.43327546296,"f0050","m","top","10:21:55","1/01/2005",1,2005,"05/23/2022",5,29.3,29.4,29.7,NA,"","med",83.32,NA,"Extender","/01/2005",29.4666666666667,"Copto",0
"195","MD36",1127.42002314815,3029.24238589003,11.970819278454,0.990268463957839,2.42972662156367e-93,1127.42106481481,"f0051","m","low","10:04:20","2/01/2005",2,2005,"05/23/2022",1,38.1,39.6,39.7,NA,"N","med",83.32,NA,"","/01/2005",39.1333333333333,"Ami",0
"196","MD36",1127.42251157407,3339.81848940308,11.8790536422985,0.998670711962597,1.11218693347493e-132,1127.42355324074,"f0051","m","low","10:07:55","2/01/2005",2,2005,"05/23/2022",2,38.4,39.9,40.3,NA,"E","med",83.32,NA,"","/01/2005",39.5333333333333,"Ami",0
"197","MD36",1127.425,2563.34263967803,12.0770978535948,0.996608692170157,3.57813086772629e-114,1127.42604166667,"f0051","m","mid","10:11:30","2/01/2005",2,2005,"05/23/2022",3,38.6,36.7,36.5,NA,"S","med",83.32,NA,"","/01/2005",37.2666666666667,"Ami",0
"201","MD37",1155.42309027778,10243.8058037958,24.2138782116048,0.999774955229231,8.9024639875473e-168,1155.42413194444,"f0052","m","mid","10:08:45","3/01/2005",3,2005,"05/23/2022",1,37.6,39,39.2,NA,"N","med",83.32,NA,"","/01/2005",38.6,"Ami",0
"202","MD37",1155.42523148148,6832.87164527336,58.2916283331835,0.983123934508619,1.84366371275538e-82,1155.42627314815,"f0052","m","low","10:11:50","3/01/2005",3,2005,"05/23/2022",2,35.8,37,35.6,NA,"E","med",83.32,NA,"","/01/2005",36.1333333333333,"Ami",0
"203","MD37",1155.42731481481,12552.8432777043,27.3864307762891,0.999710538330244,8.38843902356248e-163,1155.42835648148,"f0052","m","mid","10:14:50","3/01/2005",3,2005,"05/23/2022",3,36.7,39.5,40.2,NA,"S","med",83.32,NA,"","/01/2005",38.8,"Ami",0
"204","MD37",1155.42934027778,4309.8056174453,28.3699564404141,0.976942482524587,2.71739324231934e-76,1155.43038194444,"f0052","m","low","10:17:45","3/01/2005",3,2005,"05/23/2022",4,39.3,39.3,39.3,NA,"W","med",83.32,NA,"","/01/2005",39.3,"Ami",0
"208","MD38",1186.42204861111,7981.94529804111,9.39763459885227,0.998986047475618,4.95728134828033e-138,1186.42309027778,"f0053","m","mid","10:07:15","4/01/2005",4,2005,"05/23/2022",1,38.1,40.8,40.8,NA,"N","med",83.32,NA,"Extender","/01/2005",39.9,"Nasuti",0
"209","MD38",1186.42413194444,10496.3545735483,10.886947716011,0.998173890371822,2.09452782231063e-126,1186.42517361111,"f0053","m","low","10:10:15","4/01/2005",4,2005,"05/23/2022",2,35.9,36.1,35.6,NA,"E","med",83.32,NA,"Extender","/01/2005",35.8666666666667,"Nasuti",0
"210","MD38",1186.42615740741,3487.8046194331,9.99471476250067,0.998617684479992,6.59397140241136e-132,1186.42719907407,"f0053","m","mid","10:13:10","4/01/2005",4,2005,"05/23/2022",3,38.5,36.9,35.9,NA,"S","med",83.32,NA,"Extender","/01/2005",37.1,"Nasuti",0
"211","MD38",1186.42829861111,-2233.41149983376,13.4858212041345,0.0507616239734195,0.0299038359053942,1186.42934027778,"f0053","m","low","10:16:15","4/01/2005",4,2005,"05/23/2022",4,35.2,36.8,36.9,NA,"W","med",83.32,NA,"Extender","/01/2005",36.3,"Nasuti",0
"212","MD38",1186.43061342593,10061.2912149538,11.7257148495714,0.998528330268136,1.14001475426778e-130,1186.43165509259,"f0053","m","top","10:19:35","4/01/2005",4,2005,"05/23/2022",5,34.7,36.2,35.5,NA,"","med",83.32,NA,"Extender","/01/2005",35.4666666666667,"Nasuti",0
"216","MD39",1216.3822337963,7790.29013081039,12.8333336088787,0.998011743507895,1.00494839846797e-124,1216.38327546296,"f0054","m","mid","10:09:55","5/01/2005",5,2005,"05/23/2022",1,28.4,28.3,28.1,NA,"N","med",83.32,NA,"Extender","/01/2005",28.2666666666667,"Nasuti",0
"217","MD39",1216.384375,6956.56022485771,13.0379821446539,0.997090003680334,3.38027062349098e-117,1216.38541666667,"f0054","m","low","10:13:00","5/01/2005",5,2005,"05/23/2022",2,27.9,27.6,27.5,NA,"E","med",83.32,NA,"Extender","/01/2005",27.6666666666667,"Nasuti",0
"218","MD39",1216.3869212963,-96.5264059542162,-4.02264738051829,0.239042983625783,6.60821620097466e-07,1216.38796296296,"f0054","m","mid","10:16:40","5/01/2005",5,2005,"05/23/2022",3,28.1,27.1,26.9,NA,"S","med",83.32,NA,"Extender","/01/2005",27.3666666666667,"Nasuti",0
"219","MD39",1216.38929398148,1587.52783230191,2.3943948906582,0.999612612664772,4.80756464554352e-157,1216.39033564815,"f0054","m","low","10:20:05","5/01/2005",5,2005,"05/23/2022",4,26.9,26.8,26.8,NA,"W","med",83.32,NA,"Extender","/01/2005",26.8333333333333,"Nasuti",0
"220","MD39",1216.39178240741,24762.7966346972,13.894782409791,0.998590568872427,1.59595824533977e-131,1216.39282407407,"f0054","m","top","10:23:40","5/01/2005",5,2005,"05/23/2022",5,27.4,26.2,26.2,NA,"","med",83.32,NA,"Extender","/01/2005",26.6,"Nasuti",0
"224","MD4",120.381828703704,2986.40046448285,8.99789096297292,0.996284166004296,2.28864831719055e-112,120.38287037037,"f0011","m","mid","10:09:20","5/01/2002",5,2002,"05/16/2022",1,32.3,32.5,33.2,NA,"N","med",83.32,NA,"","/01/2002",32.6666666666667,"Nasuti",0
"225","MD4",120.384143518519,5415.99593958307,11.3833591864169,0.997746684496861,2.98611682818859e-122,120.385185185185,"f0011","m","low","10:12:40","5/01/2002",5,2002,"05/16/2022",2,30.1,30.1,29.9,NA,"E","med",83.32,NA,"","/01/2002",30.0333333333333,"Nasuti",0
"226","MD4",120.386342592593,15933.9404942803,12.3247827466529,0.997533265952688,1.83365221334586e-120,120.387384259259,"f0011","m","mid","10:15:50","5/01/2002",5,2002,"05/16/2022",3,30.1,30.4,30.8,NA,"S","med",83.32,NA,"","/01/2002",30.4333333333333,"Nasuti",0
"227","MD4",120.388888888889,7490.3889481685,9.5969144078772,0.985556502165396,1.54671542819824e-85,120.389930555556,"f0011","m","low","10:19:30","5/01/2002",5,2002,"05/16/2022",4,30.7,31,31.2,NA,"W","med",83.32,NA,"","/01/2002",30.9666666666667,"Nasuti",0
"228","MD4",120.3921875,13464.9539276724,12.8343239123068,0.999433333815622,1.57666245069296e-149,120.393229166667,"f0011","m","top","10:24:15","5/01/2002",5,2002,"05/16/2022",5,30.9,31.1,31,NA,"","med",83.32,NA,"","/01/2002",31,"Nasuti",0
"232","MD40",1247.38449074074,172.450858341092,1.87130916472075,0.789320248595263,1.57108284966837e-32,1247.38553240741,"f0056","m","mid","10:13:10","6/01/2005",6,2005,"05/24/2022",1,25,24.9,25.1,NA,"N","sm",47.78,NA,"jumpy flux signal, lots of ants, hard to find termites","/01/2005",25,"",0
"233","MD40",1247.38663194444,455.908880930575,2.55035076518593,0.995662190157513,2.61793054090818e-109,1247.38767361111,"f0056","m","low","10:16:15","6/01/2005",6,2005,"05/24/2022",2,27,26.3,26.1,NA,"E","sm",47.78,NA,"lots of ants, hard to find termites","/01/2005",26.4666666666667,"",0
"234","MD40",1247.38883101852,6.57239756631943,-0.264203825143153,0.141928528271638,0.000197593531885627,1247.38987268519,"f0056","m","mid","10:19:25","6/01/2005",6,2005,"05/24/2022",3,26.7,25.7,25.8,NA,"S","sm",47.78,NA,"lots of ants, hard to find termites","/01/2005",26.0666666666667,"",0
"235","MD40",1247.39074074074,310.979108907745,2.01532230985492,0.996797827364585,1.4791280308357e-116,1247.39178240741,"f0056","m","low","10:22:10","6/01/2005",6,2005,"05/24/2022",4,26,25.7,25.4,NA,"W","sm",47.78,NA,"lots of ants, hard to find termites","/01/2005",25.7,"",0
"239","MD41",1247.41244212963,97.5327211409732,1.64119689275747,0.983603904558105,4.95938993066676e-83,1247.4134837963,"f0056","m","mid","10:53:25","6/01/2005",6,2005,"05/24/2022",1,30,27.3,26.8,NA,"N","sm",47.78,NA,"found nasute soldiers and ami workers in ami like mound","/01/2005",28.0333333333333,"",0
"240","MD41",1247.41446759259,814.484945184881,4.93209938940468,0.989277575133106,2.00377348675565e-91,1247.41550925926,"f0056","m","low","10:56:20","6/01/2005",6,2005,"05/24/2022",2,30,28.7,28.9,NA,"E","sm",47.78,NA,"found nasute soldiers and ami workers in ami like mound","/01/2005",29.2,"",0
"241","MD41",1247.41666666667,131.813087561614,1.16474536784058,0.99211780930442,1.66089898292401e-97,1247.41770833333,"f0056","m","mid","10:59:30","6/01/2005",6,2005,"05/24/2022",3,29.4,29.7,30.1,NA,"S","sm",47.78,NA,"found nasute soldiers and ami workers in ami like mound","/01/2005",29.7333333333333,"",0
"242","MD41",1247.41886574074,115.789843786317,1.61723136108754,0.985424890116933,2.33713649798152e-85,1247.41990740741,"f0056","m","low","11:02:40","6/01/2005",6,2005,"05/24/2022",4,30.1,29.8,30.1,NA,"W","sm",47.78,NA,"found nasute soldiers and ami workers in ami like mound","/01/2005",30,"",0
"246","MD42",1277.37916666667,1451.89117273895,9.42884962811847,0.998968854864371,1.06535968432395e-137,1277.38020833333,"f0057","m","mid","10:05:30","7/01/2005",7,2005,"05/24/2022",1,35.6,33.6,33.1,NA,"N","sm",47.78,NA,"found nasute soldiers and ami workers in ami like mound","/01/2005",34.1,"Ami",0
"247","MD42",1277.38119212963,1945.25715706458,12.3162868625169,0.995980572616356,8.15741395818237e-111,1277.3822337963,"f0057","m","low","10:08:25","7/01/2005",7,2005,"05/24/2022",2,35.9,35.6,35.6,NA,"E","sm",47.78,NA,"found nasute soldiers and ami workers in ami like mound","/01/2005",35.7,"Ami",0
"248","MD42",1277.38310185185,1794.60293456733,11.4341478037565,0.998340167624451,2.71957953462946e-128,1277.38414351852,"f0057","m","mid","10:11:10","7/01/2005",7,2005,"05/24/2022",3,35.4,33.7,34.6,NA,"S","sm",47.78,NA,"found nasute soldiers and ami workers in ami like mound","/01/2005",34.5666666666667,"Ami",0
"249","MD42",1277.38506944444,960.603129395811,7.46659328900881,0.998570900364794,2.99829435629838e-131,1277.38611111111,"f0057","m","low","10:14:00","7/01/2005",7,2005,"05/24/2022",4,35.4,32.5,31.7,NA,"W","sm",47.78,NA,"found nasute soldiers and ami workers in ami like mound","/01/2005",33.2,"Ami",0
"253","MD43",1308.378125,5945.88531521133,9.20901783680811,0.995793814821676,6.44233824291891e-110,1308.37916666667,"f0058","m","mid","10:04:00","8/01/2005",8,2005,"05/24/2022",1,39,38.7,38.8,NA,"N","med",83.32,NA,"Extender","/01/2005",38.8333333333333,"Copto",0
"254","MD43",1308.38009259259,4669.31268636785,8.91836639089539,0.998648619539518,2.35448540235159e-132,1308.38113425926,"f0058","m","low","10:06:50","8/01/2005",8,2005,"05/24/2022",2,36.6,38.2,37.5,NA,"E","med",83.32,NA,"Extender","/01/2005",37.4333333333333,"Copto",0
"255","MD43",1308.38211805556,2162.45078868583,8.04232867779034,0.997016547427237,1.05094965501718e-116,1308.38315972222,"f0058","m","mid","10:09:45","8/01/2005",8,2005,"05/24/2022",3,36,37.2,36.9,NA,"S","med",83.32,NA,"Extender","/01/2005",36.7,"Copto",0
"256","MD43",1308.38414351852,2234.69214086363,6.12296782885843,0.998902614965954,5.96506105807281e-138,1308.38518518519,"f0058","m","low","10:12:40","8/01/2005",8,2005,"05/24/2022",4,35.9,36.3,36,NA,"W","med",83.32,NA,"Extender","/01/2005",36.0666666666667,"Copto",0
"257","MD43",1308.38611111111,5715.92243224111,8.61493977981693,0.996187532726143,4.52021939336205e-113,1308.38715277778,"f0058","m","top","10:15:30","8/01/2005",8,2005,"05/24/2022",5,35.7,36.5,36.6,NA,"","med",83.32,NA,"Extender","/01/2005",36.2666666666667,"Copto",0
"261","MD44",1339.37881944444,659.691791636268,5.2510435122247,0.999181335046678,2.93583968847798e-142,1339.37986111111,"f0059","m","mid","10:05:00","9/01/2005",9,2005,"05/24/2022",1,32.9,32.5,32.2,NA,"N","sm",47.78,NA,"","/01/2005",32.5333333333333,"Copto",0
"262","MD44",1339.38229166667,966.215291000995,3.85066270602765,0.999606882150529,9.37768304948994e-157,1339.38333333333,"f0059","m","low","10:10:00","9/01/2005",9,2005,"05/24/2022",2,32.2,30.6,30.3,NA,"E","sm",47.78,NA,"","/01/2005",31.0333333333333,"Copto",0
"263","MD44",1339.38425925926,557.543311529698,4.40847665481064,0.994961795396872,2.3760104311327e-106,1339.38530092593,"f0059","m","mid","10:12:50","9/01/2005",9,2005,"05/24/2022",3,31.5,30.8,30.8,NA,"S","sm",47.78,NA,"","/01/2005",31.0333333333333,"Copto",0
"264","MD44",1339.38674768519,410.723221979539,2.0051569551686,0.998360620859363,1.54699106073169e-128,1339.38778935185,"f0059","m","low","10:16:25","9/01/2005",9,2005,"05/24/2022",4,27,27.8,27.9,NA,"W","sm",47.78,NA,"","/01/2005",27.5666666666667,"Copto",0
"268","MD45",1369.37847222222,2386.56100509805,15.7745884163246,0.998905568867165,1.60152197560455e-136,1369.37951388889,"f0060","m","mid","10:04:30","10/01/2005",10,2005,"05/24/2022",1,38,36.8,36.9,NA,"N","sm",47.78,NA,"","/01/2005",37.2333333333333,"Ami",0
"269","MD45",1369.38113425926,4043.9003528553,18.4184936765209,0.996516397057653,1.21414691451055e-113,1369.38217592593,"f0060","m","mid","10:08:20","10/01/2005",10,2005,"05/24/2022",2,36.5,37.1,37.4,NA,"E","sm",47.78,NA,"","/01/2005",37,"Ami",0
"270","MD45",1369.3833912037,-1055.27716124703,21.8724646920814,0.0886962262008826,0.00373977230048182,1369.38443287037,"f0060","m","low","10:11:35","10/01/2005",10,2005,"05/24/2022",3,36,34.6,33.7,NA,"S","sm",47.78,NA,"","/01/2005",34.7666666666667,"Ami",0
"271","MD45",1369.38501157407,1923.52857562594,15.2212009001539,0.99701763652728,1.03363424894674e-116,1369.38605324074,"f0060","m","low","10:13:55","10/01/2005",10,2005,"05/24/2022",4,36.3,35.4,36,NA,"W","sm",47.78,NA,"","/01/2005",35.9,"Ami",0
"275","MD46",1400.42152777778,2518.14679025987,5.56236933469564,0.998701227951049,3.86590238891311e-133,1400.42256944444,"f0061","m","mid","10:06:30","11/01/2005",11,2005,"05/24/2022",1,34.7,36.1,36.5,NA,"N","med",83.32,NA,"","/01/2005",35.7666666666667,"",0
"276","MD46",1400.42349537037,2119.61818043148,6.68737449575757,0.999266455419403,1.98741483235632e-144,1400.42453703704,"f0061","m","low","10:09:20","11/01/2005",11,2005,"05/24/2022",2,34.3,34.9,34.7,NA,"E","med",83.32,NA,"","/01/2005",34.6333333333333,"",0
"277","MD46",1400.42563657407,1286.81734653279,4.77961898732252,0.998504275930135,9.16964107130718e-132,1400.42667824074,"f0061","m","mid","10:12:25","11/01/2005",11,2005,"05/24/2022",3,35.5,33.9,33.9,NA,"S","med",83.32,NA,"","/01/2005",34.4333333333333,"",0
"278","MD46",1400.42824074074,2974.14346345177,16.3894037323521,0.999268147290321,1.78920253377346e-144,1400.42928240741,"f0061","m","low","10:16:10","11/01/2005",11,2005,"05/24/2022",4,36.7,35.8,35.7,NA,"W","med",83.32,NA,"","/01/2005",36.0666666666667,"",0
"282","MD47",1430.42118055556,4929.54168515618,17.1384684605545,0.999765614538363,5.6639780611496e-167,1430.42222222222,"f0062","m","mid","10:06:00","12/01/2005",12,2005,"05/24/2022",1,32.1,31.5,31.5,NA,"N","med",83.32,NA,"","/01/2005",31.7,"Ami",0
"283","MD47",1430.42361111111,2937.79475859333,11.692916555055,0.999560311650343,3.18880214054053e-156,1430.42465277778,"f0062","m","low","10:09:30","12/01/2005",12,2005,"05/24/2022",2,32,31.2,30.9,NA,"E","med",83.32,NA,"","/01/2005",31.3666666666667,"Ami",0
"284","MD47",1430.42563657407,3391.00091637544,13.8524255538455,0.99945194251563,3.4508882198259e-150,1430.42667824074,"f0062","m","mid","10:12:25","12/01/2005",12,2005,"05/24/2022",3,31.4,31,30.8,NA,"S","med",83.32,NA,"","/01/2005",31.0666666666667,"Ami",0
"285","MD47",1430.42766203704,2625.21276079058,12.7220018940163,0.999355694146394,5.43316280927078e-147,1430.4287037037,"f0062","m","low","10:15:20","12/01/2005",12,2005,"05/24/2022",4,31,31,30.9,NA,"W","med",83.32,NA,"","/01/2005",30.9666666666667,"Ami",0
"289","MD48",1461.42164351852,622.681773993373,0.293997870797745,0.837327367554335,4.75326501400866e-38,1461.42268518519,"f0063","m","mid","10:06:40","1/01/2006",1,2006,"05/25/2022",1,22.2,22,22.1,NA,"N","med",83.32,NA,"Extender","/01/2006",22.1,"Copto",0
"290","MD48",1461.42407407407,304.393100845818,0.137607933084145,0.880554313272637,9.10905743973277e-44,1461.42511574074,"f0063","m","low","10:10:10","1/01/2006",1,2006,"05/25/2022",2,24.4,23.9,24.1,NA,"E","med",83.32,NA,"Extender","/01/2006",24.1333333333333,"Copto",0
"291","MD48",1461.42633101852,524.896951098795,0.667403426774447,0.900302980507237,2.4185510494025e-47,1461.42737268519,"f0063","m","mid","10:13:25","1/01/2006",1,2006,"05/25/2022",3,23.8,23.5,23.1,NA,"S","med",83.32,NA,"Extender","/01/2006",23.4666666666667,"Copto",0
"292","MD48",1461.42841435185,78.710367537365,0.0928135800116623,0.446759545833092,2.47267538333221e-13,1461.42945601852,"f0063","m","low","10:16:25","1/01/2006",1,2006,"05/25/2022",4,24.2,24.2,24.3,NA,"W","med",83.32,NA,"Extender","/01/2006",24.2333333333333,"Copto",0
"293","MD48",1461.43055555556,594.806475813432,0.335152311187423,0.997211101070668,4.88664679558021e-118,1461.43159722222,"f0063","m","top","10:19:30","1/01/2006",1,2006,"05/25/2022",5,24.6,25.6,25.7,NA,"","med",83.32,NA,"Extender","/01/2006",25.3,"Copto",0
"297","MD49",1492.42071759259,2998.69978456717,0.846365199987668,0.999716598834059,3.20302835097718e-163,1492.42175925926,"f0066","m","mid","10:05:20","2/01/2006",2,2006,"05/25/2022",1,34.9,36.1,35.8,NA,"N","med",83.32,NA,"Extender","/01/2006",35.6,"Copto",0
"298","MD49",1492.42291666667,241.412820178889,0.246373017808823,0.850729373963478,2.3515165109811e-39,1492.42395833333,"f0066","m","low","10:08:30","2/01/2006",2,2006,"05/25/2022",2,32.6,32.4,32.2,NA,"E","med",83.32,NA,"Extender","/01/2006",32.4,"Copto",0
"299","MD49",1492.42633101852,499.37587773555,0.294082317991391,0.996632260621889,2.60521540721239e-114,1492.42737268519,"f0066","m","mid","10:13:25","2/01/2006",2,2006,"05/25/2022",3,30.8,30.5,30.2,NA,"S","med",83.32,NA,"Extender","/01/2006",30.5,"Copto",0
"300","MD49",1492.42835648148,3029.76526086762,1.68604005415254,0.998905493940374,5.28609051732609e-138,1492.42939814815,"f0066","m","low","10:16:20","2/01/2006",2,2006,"05/25/2022",4,31.5,30.9,30.6,NA,"W","med",83.32,NA,"Extender","/01/2006",31,"Copto",0
"301","MD49",1492.43038194444,1385.60371430475,1.01066487278605,0.993546651148308,1.85278831212632e-101,1492.43142361111,"f0066","m","top","10:19:15","2/01/2006",2,2006,"05/25/2022",5,31.3,30.3,30.1,NA,"","med",83.32,NA,"Extender, new mound material","/01/2006",30.5666666666667,"Copto",0
"306","MD50",1520.4203125,12550.457511676,14.5322722641181,0.998724595506771,1.6923057417105e-133,1520.42135416667,"f0067","m","mid","10:04:45","3/01/2006",3,2006,"05/25/2022",1,43.7,46.1,46.3,NA,"N","med",83.32,NA,"Extender","/01/2006",45.3666666666667,"Nasuti",0
"307","MD50",1520.42233796296,4869.01219181266,12.5950965531627,0.878581125411657,1.92182808981732e-43,1520.42337962963,"f0067","m","low","10:07:40","3/01/2006",3,2006,"05/25/2022",2,39.8,38.8,38.3,NA,"E","med",83.32,NA,"Extender","/01/2006",38.9666666666667,"Nasuti",0
"308","MD50",1520.42465277778,5213.39926975148,14.9314685584977,0.998041492393088,2.2276386425276e-126,1520.42569444444,"f0067","m","low","10:11:00","3/01/2006",3,2006,"05/25/2022",3,37,36.4,36,NA,"S","med",83.32,NA,"Extender","/01/2006",36.4666666666667,"Nasuti",0
"309","MD50",1520.42673611111,7304.03195040396,14.498637297513,0.998626799353498,4.87994814955447e-132,1520.42777777778,"f0067","m","mid","10:14:00","3/01/2006",3,2006,"05/25/2022",4,35.9,33.4,33.5,NA,"W","med",83.32,NA,"Extender","/01/2006",34.2666666666667,"Nasuti",0
"310","MD50",1520.42905092593,12712.3584565878,16.8770020476749,0.999777344990645,8.12843597625312e-170,1520.43009259259,"f0067","m","top","10:17:20","3/01/2006",3,2006,"05/25/2022",5,33.7,34.6,34.1,NA,"","med",83.32,NA,"Extender","/01/2006",34.1333333333333,"Nasuti",0
"314","MD51",1551.42118055556,13440.0460207816,14.8220602322779,0.99980257058727,2.30413312882208e-170,1551.42222222222,"f0068","m","mid","10:06:00","4/01/2006",4,2006,"05/25/2022",1,37.2,37.2,37.1,NA,"N","med",83.32,NA,"Extender","/01/2006",37.1666666666667,"Nasuti",0
"315","MD51",1551.42326388889,6340.32676467987,10.2422238702402,0.999379413224435,9.85990394591198e-148,1551.42430555556,"f0068","m","low","10:09:00","4/01/2006",4,2006,"05/25/2022",2,37.4,34.4,34.5,NA,"E","med",83.32,NA,"Extender","/01/2006",35.4333333333333,"Nasuti",0
"316","MD51",1551.42552083333,3873.98449095053,12.6543575789978,0.996994117868827,1.47771088350664e-116,1551.4265625,"f0068","m","mid","10:12:15","4/01/2006",4,2006,"05/25/2022",3,34.8,35.1,34.2,NA,"S","med",83.32,NA,"Extender","/01/2006",34.7,"Nasuti",0
"317","MD51",1551.42789351852,12343.7610138257,13.4864813313642,0.999284616748272,1.68966831817746e-146,1551.42893518519,"f0068","m","low","10:15:40","4/01/2006",4,2006,"05/25/2022",4,35.5,33.8,33.2,NA,"W","med",83.32,NA,"Extender","/01/2006",34.1666666666667,"Nasuti",0
"318","MD51",1551.43043981481,7592.2748024153,20.7251161433225,0.952639439805482,4.6025226186187e-62,1551.43148148148,"f0068","m","top","10:19:20","4/01/2006",4,2006,"05/25/2022",5,35.2,35.1,35.4,NA,"","med",83.32,NA,"Extender","/01/2006",35.2333333333333,"Nasuti",0
"322","MD52",1581.37905092593,11740.8377083454,15.5262288579827,0.999776198867529,6.91843016363847e-168,1581.38009259259,"f0069","m","mid","10:05:20","5/01/2006",5,2006,"05/25/2022",1,43.7,45,45.4,NA,"N","med",83.32,NA,"Extender","/01/2006",44.7,"Nasuti",0
"323","MD52",1581.38113425926,6810.00597151496,14.7929677272949,0.999253537853691,4.39783919504472e-144,1581.38217592593,"f0069","m","low","10:08:20","5/01/2006",5,2006,"05/25/2022",2,41.9,43.7,43.4,NA,"E","med",83.32,NA,"Extender","/01/2006",43,"Nasuti",0
"324","MD52",1581.38327546296,3106.62531355299,15.1827216266726,0.998870065168225,6.84535593552152e-136,1581.38431712963,"f0069","m","mid","10:11:25","5/01/2006",5,2006,"05/25/2022",3,39.3,41,40.9,NA,"S","med",83.32,NA,"Extender","/01/2006",40.4,"Nasuti",0
"325","MD52",1581.38587962963,8241.03601852414,10.4931218999359,0.996968582448183,2.17146811234096e-116,1581.3869212963,"f0069","m","low","10:15:10","5/01/2006",5,2006,"05/25/2022",4,37.7,36.5,35.6,NA,"W","med",83.32,NA,"Extender","/01/2006",36.6,"Nasuti",0
"326","MD52",1581.3880787037,3090.92625778701,14.7847253292286,0.927229099297905,3.84562689843061e-54,1581.38912037037,"f0069","m","top","10:18:20","5/01/2006",5,2006,"05/25/2022",5,33.8,36.5,36.5,NA,"","med",83.32,NA,"Extender","/01/2006",35.6,"Nasuti",0
"330","MD53",1612.37951388889,5762.47978403295,2.47698391694329,0.999312334944284,2.74379834131206e-147,1612.38055555556,"f0070","m","mid","10:06:00","6/01/2006",6,2006,"05/25/2022",1,37,39.3,41.3,NA,"N","med",83.32,NA,"Extender","/01/2006",39.2,"Copto",0
"331","MD53",1612.38171296296,2891.40038648768,1.38182707600422,0.999659361624503,1.38247164306123e-159,1612.38275462963,"f0070","m","low","10:09:10","6/01/2006",6,2006,"05/25/2022",2,39.2,39.2,39.3,NA,"E","med",83.32,NA,"Extender","/01/2006",39.2333333333333,"Copto",0
"332","MD53",1612.38368055556,45.2848526418646,0.0394352065106712,0.869313592638289,5.48811020346902e-42,1612.38472222222,"f0070","m","mid","10:12:00","6/01/2006",6,2006,"05/25/2022",3,39.6,35.4,34.1,NA,"S","med",83.32,NA,"Extender","/01/2006",36.3666666666667,"Copto",0
"333","MD53",1612.38587962963,5408.42128072569,1.60984992090821,0.999023505977681,2.77891172229418e-140,1612.3869212963,"f0070","m","low","10:15:10","6/01/2006",6,2006,"05/25/2022",4,30.4,33.4,35,NA,"W","med",83.32,NA,"Extender","/01/2006",32.9333333333333,"Copto",0
"334","MD53",1612.38796296296,4070.494309679,2.11476365835531,0.996398522239271,5.51907640627956e-113,1612.38900462963,"f0070","m","top","10:18:10","6/01/2006",6,2006,"05/25/2022",5,35.2,35.4,35.4,NA,"","med",83.32,NA,"Extender","/01/2006",35.3333333333333,"Copto",0
"338","MD54",1642.37951388889,8621.6660533482,24.1171142470845,0.998341446145059,2.625879341777e-128,1642.38055555556,"f0071","m","mid","10:06:00","7/01/2006",7,2006,"05/25/2022",1,33.9,31.1,31.2,NA,"N","sm",47.78,NA,"","/01/2006",32.0666666666667,"Ami",0
"339","MD54",1642.38159722222,6198.05716025916,22.9803864356845,0.996967813150936,2.19668444302096e-116,1642.38263888889,"f0071","m","low","10:09:00","7/01/2006",7,2006,"05/25/2022",2,34.7,34.6,34.7,NA,"E","sm",47.78,NA,"","/01/2006",34.6666666666667,"Ami",0
"340","MD54",1642.38391203704,5610.48084616489,22.1781178316947,0.999114262278476,3.12673315503412e-142,1642.3849537037,"f0071","m","mid","10:12:20","7/01/2006",7,2006,"05/25/2022",3,33,33,33,NA,"S","sm",47.78,NA,"","/01/2006",33,"Ami",0
"341","MD54",1642.38697916667,10060.6729649341,24.8245794797776,0.998559215553498,4.3429781945301e-131,1642.38802083333,"f0071","m","low","10:16:45","7/01/2006",7,2006,"05/25/2022",4,34.3,34.3,34.3,NA,"W","sm",47.78,NA,"","/01/2006",34.3,"Ami",0
"345","MD55",1673.38368055556,1859.76793094139,1.38013048791686,0.988751915237792,1.76890660523625e-90,1673.38472222222,"f0073","m","mid","10:12:00","8/01/2006",8,2006,"05/26/2022",1,25.1,23.8,23.8,NA,"N","med",83.32,NA,"Extender","/01/2006",24.2333333333333,"Copto",0
"346","MD55",1673.38605324074,2142.20000986811,0.991150743818165,0.988544432297064,4.06377936742905e-90,1673.38709490741,"f0073","m","low","10:15:25","8/01/2006",8,2006,"05/26/2022",2,22.4,22.4,22.4,NA,"E","med",83.32,NA,"Extender","/01/2006",22.4,"Copto",0
"347","MD55",1673.38767361111,2568.73269505591,1.89889896280259,0.997798744929915,1.03085194894632e-122,1673.38871527778,"f0073","m","mid","10:17:45","8/01/2006",8,2006,"05/26/2022",3,24.7,23.7,23.4,NA,"S","med",83.32,NA,"Extender","/01/2006",23.9333333333333,"Copto",0
"348","MD55",1673.39045138889,2958.55519753369,1.78871449913942,0.99565943051785,2.69479625869217e-109,1673.39149305556,"f0073","m","low","10:21:45","8/01/2006",8,2006,"05/26/2022",4,22.4,22.4,23.1,NA,"W","med",83.32,NA,"Extender","/01/2006",22.6333333333333,"Copto",0
"349","MD55",1673.39259259259,2609.5593439937,1.9444381545343,0.997429725146367,1.19081253919808e-119,1673.39363425926,"f0073","m","top","10:24:50","8/01/2006",8,2006,"05/26/2022",5,23.1,23.6,21.4,NA,"","med",83.32,NA,"Extender","/01/2006",22.7,"Copto",0
"353","MD56",1704.378125,3448.51689362434,6.58582763594474,0.998848426869421,1.62268937063913e-135,1704.37916666667,"f0074","m","mid","10:04:00","9/01/2006",9,2006,"05/26/2022",1,37,36,35.3,NA,"N","med",83.32,NA,"Extender","/01/2006",36.1,"Nasuti",0
"354","MD56",1704.38032407407,2532.20541826544,6.74315618819986,0.997489004495329,4.11860850204679e-120,1704.38136574074,"f0074","m","low","10:07:10","9/01/2006",9,2006,"05/26/2022",2,35.2,35.2,35.3,NA,"E","med",83.32,NA,"Extender","/01/2006",35.2333333333333,"Nasuti",0
"355","MD56",1704.38252314815,2502.549014442,7.56866717920634,0.979906634790995,5.18125612930559e-79,1704.38356481481,"f0074","m","mid","10:10:20","9/01/2006",9,2006,"05/26/2022",3,35.3,33.7,33.6,NA,"S","med",83.32,NA,"Extender","/01/2006",34.2,"Nasuti",0
"356","MD56",1704.38460648148,2653.94079177132,6.33584187064064,0.999704629137033,2.10386176374312e-162,1704.38564814815,"f0074","m","low","10:13:20","9/01/2006",9,2006,"05/26/2022",4,32.7,32.7,34.4,NA,"W","med",83.32,NA,"Extender","/01/2006",33.2666666666667,"Nasuti",0
"357","MD56",1704.38703703704,2190.53040858547,9.92687444383139,0.994871002780444,5.35544926990087e-106,1704.3880787037,"f0074","m","top","10:16:50","9/01/2006",9,2006,"05/26/2022",5,34.5,34.9,32.4,NA,"","med",83.32,NA,"Extender","/01/2006",33.9333333333333,"Nasuti",0
"361","MD57",1704.40462962963,640.548325867116,2.02351486748923,0.995145560325811,4.38116518321587e-107,1704.4056712963,"f0074","m","mid","10:42:10","9/01/2006",9,2006,"05/26/2022",1,42,41.5,41.5,NA,"N","sm",47.78,NA,"","/01/2006",41.6666666666667,"Nasuti",0
"362","MD57",1704.40688657407,550.624260950775,2.92582543707034,0.997065978130941,4.91397398187735e-117,1704.40792824074,"f0074","m","low","10:45:25","9/01/2006",9,2006,"05/26/2022",2,38,37.4,37.2,NA,"E","sm",47.78,NA,"","/01/2006",37.5333333333333,"Nasuti",0
"363","MD57",1704.40885416667,164.578000499838,1.68861030411475,0.995880566677612,2.49579301580406e-110,1704.40989583333,"f0074","m","mid","10:48:15","9/01/2006",9,2006,"05/26/2022",3,37,34.2,34,NA,"S","sm",47.78,NA,"","/01/2006",35.0666666666667,"Nasuti",0
"364","MD57",1704.4109375,266.175122289578,1.4826050650051,0.996518957748457,1.17419461372695e-113,1704.41197916667,"f0074","m","low","10:51:15","9/01/2006",9,2006,"05/26/2022",4,33.8,36.4,36.7,NA,"W","sm",47.78,NA,"","/01/2006",35.6333333333333,"Nasuti",0
"365","MD57",1704.41319444444,405.734260982467,2.65980961732981,0.992181390227738,1.01039882214457e-98,1704.41423611111,"f0074","m","top","10:54:30","9/01/2006",9,2006,"05/26/2022",5,38.5,36.7,35.8,NA,"","sm",47.78,NA,"","/01/2006",37,"Nasuti",0
"369","MD58",1734.37974537037,6545.17682938536,4.80527752998194,0.998160528856105,2.91842160885343e-126,1734.38078703704,"f0075","m","mid","10:06:20","10/01/2006",10,2006,"05/26/2022",1,34.7,44.2,45.8,NA,"N","med",83.32,NA,"Extender","/01/2006",41.5666666666667,"Nasuti",0
"370","MD58",1734.38171296296,3041.55410547438,3.94663423248426,0.998974833158272,8.17704275061927e-138,1734.38275462963,"f0075","m","low","10:09:10","10/01/2006",10,2006,"05/26/2022",2,44.5,42.8,41.4,NA,"E","med",83.32,NA,"Extender","/01/2006",42.9,"Nasuti",0
"371","MD58",1734.3837962963,1287.37264604566,3.90455936046824,0.997708113171878,6.46402410726079e-122,1734.38483796296,"f0075","m","mid","10:12:10","10/01/2006",10,2006,"05/26/2022",3,38.2,39.5,38.8,NA,"S","med",83.32,NA,"Extender","/01/2006",38.8333333333333,"Nasuti",0
"372","MD58",1734.38599537037,1656.25817313716,3.80782632447455,0.998691327239215,1.9650482784063e-134,1734.38703703704,"f0075","m","low","10:15:20","10/01/2006",10,2006,"05/26/2022",4,37.9,37.9,39,NA,"W","med",83.32,NA,"Extender","/01/2006",38.2666666666667,"Nasuti",0
"373","MD58",1734.3880787037,3175.78212658492,4.22438802198688,0.99914419889051,2.20990010766526e-141,1734.38912037037,"f0075","m","top","10:18:20","10/01/2006",10,2006,"05/26/2022",5,37.3,37.3,39.3,NA,"","med",83.32,NA,"Extender","/01/2006",37.9666666666667,"Nasuti",0
"377","MD59",1765.42118055556,13901.5985433198,3.41615050100626,0.999744300034872,2.97184421766531e-165,1765.42222222222,"f0076","m","mid","10:06:00","11/01/2006",11,2006,"05/26/2022",1,42.7,43.1,43.5,NA,"N","med",83.32,NA,"Extender","/01/2006",43.1,"Copto",0
"378","MD59",1765.42314814815,12406.0519924384,2.56718576518681,0.999476979290526,4.11099284448356e-151,1765.42418981481,"f0076","m","low","10:08:50","11/01/2006",11,2006,"05/26/2022",2,41.7,43.4,43.6,NA,"E","med",83.32,NA,"Extender","/01/2006",42.9,"Copto",0
"379","MD59",1765.42511574074,3018.79250178942,2.16582370755263,0.99734903581267,4.86033203747224e-119,1765.42615740741,"f0076","m","mid","10:11:40","11/01/2006",11,2006,"05/26/2022",3,40.1,43.6,44.4,NA,"S","med",83.32,NA,"Extender","/01/2006",42.7,"Copto",0
"380","MD59",1765.4271412037,1197.65667506253,0.84777027126817,0.997425860904074,1.27505933789877e-119,1765.42818287037,"f0076","m","low","10:14:35","11/01/2006",11,2006,"05/26/2022",4,41,41,39.5,NA,"W","med",83.32,NA,"Extender","/01/2006",40.5,"Copto",0
"381","MD59",1765.42916666667,4454.25968639798,3.16714535887461,0.999197541479122,1.18201999557039e-142,1765.43020833333,"f0076","m","top","10:17:30","11/01/2006",11,2006,"05/26/2022",5,39,40,40,NA,"","med",83.32,NA,"Extender","/01/2006",39.6666666666667,"Copto",0
"385","MD6",181.37974537037,-183.379969419815,-0.266170088724008,0.990563785978031,5.97777658890389e-94,181.380787037037,"f0014","m","mid","10:06:20","7/01/2002",7,2002,"05/17/2022",1,33,32.7,32.4,NA,"N","med",83.32,NA,"","/01/2002",32.7,"Copto",0
"386","MD6",181.382118055556,708.388818628202,0.316500045131832,0.996796535137415,2.67680295582602e-115,181.383159722222,"f0014","m","low","10:09:45","7/01/2002",7,2002,"05/17/2022",2,31.6,31.3,31,30.8,"E","med",83.32,NA,"","/01/2002",31.175,"Copto",0
"387","MD6",181.384953703704,-126.915705894009,-0.104901482611761,0.969586488250113,8.0782176874496e-71,181.38599537037,"f0014","m","mid","10:13:50","7/01/2002",7,2002,"05/17/2022",3,30,29.8,29.8,NA,"S","med",83.32,NA,"","/01/2002",29.8666666666667,"Copto",0
"388","MD6",181.387094907407,-116.268277253332,-0.235636224720406,0.974187943378635,4.62072333216158e-74,181.388136574074,"f0014","m","low","10:16:55","7/01/2002",7,2002,"05/17/2022",4,29.5,29.5,29.7,NA,"W","med",83.32,NA,"","/01/2002",29.5666666666667,"Copto",0
"389","MD6",181.389699074074,136.889054690819,0.0796006582147871,0.982369785201839,1.34811198132012e-81,181.390740740741,"f0014","m","top","10:20:40","7/01/2002",7,2002,"05/17/2022",5,28.9,29.3,29.7,NA,"","med",83.32,NA,"","/01/2002",29.3,"Copto",0
"393","MD60",1795.42118055556,5775.96830105056,6.57809707280204,0.999115069262527,1.01341338280996e-140,1795.42222222222,"f0077","m","mid","10:06:00","12/01/2006",12,2006,"05/26/2022",1,35.8,36.6,36.6,NA,"N","med",83.32,NA,"Extender","/01/2006",36.3333333333333,"Nasuti",0
"394","MD60",1795.42326388889,1023.17953264096,5.07942831862599,0.998676573958264,9.09584228657886e-133,1795.42430555556,"f0077","m","low","10:09:00","12/01/2006",12,2006,"05/26/2022",2,36.6,35.1,34.5,NA,"E","med",83.32,NA,"Extender","/01/2006",35.4,"Nasuti",0
"395","MD60",1795.42523148148,3182.9580285865,7.53220430246795,0.99884191626832,2.09720409796939e-135,1795.42627314815,"f0077","m","mid","10:11:50","12/01/2006",12,2006,"05/26/2022",3,35.3,33.4,33,NA,"S","med",83.32,NA,"Extender","/01/2006",33.9,"Nasuti",0
"396","MD60",1795.42737268519,1071.67523976791,5.3177483909658,0.995743175629977,1.11053808864132e-109,1795.42841435185,"f0077","m","low","10:14:55","12/01/2006",12,2006,"05/26/2022",4,33,32.9,32.7,NA,"W","med",83.32,NA,"Extender","/01/2006",32.8666666666667,"Nasuti",0
"397","MD60",1795.42945601852,1370.02669793498,11.0486137946496,0.958367630112366,1.30129015577937e-64,1795.43049768519,"f0077","m","top","10:17:55","12/01/2006",12,2006,"05/26/2022",5,32.3,32.2,31.8,NA,"","med",83.32,NA,"Extender","/01/2006",32.1,"Nasuti",0
"401","MD61",1826.42094907407,3876.7062507848,11.1738459619359,0.999166122732661,6.78501240259675e-142,1826.42199074074,"f0078","m","mid","10:05:40","1/01/2007",1,2007,"05/26/2022",1,33.1,34.5,35.1,NA,"N","med",83.32,NA,"Extender","/01/2007",34.2333333333333,"Nasuti",0
"402","MD61",1826.42326388889,2637.16424011156,12.0881386408832,0.993815397349037,2.67443076170425e-102,1826.42430555556,"f0078","m","low","10:09:00","1/01/2007",1,2007,"05/26/2022",2,31.7,31.1,30.3,NA,"E","med",83.32,NA,"Extender","/01/2007",31.0333333333333,"Nasuti",0
"403","MD61",1826.42586805556,3531.10792044637,14.608691432583,0.998879513514812,4.67160173726706e-136,1826.42690972222,"f0078","m","mid","10:12:45","1/01/2007",1,2007,"05/26/2022",3,29.6,28.2,27.4,NA,"S","med",83.32,NA,"Extender","/01/2007",28.4,"Nasuti",0
"404","MD61",1826.42858796296,2766.00187778131,11.0439714489029,0.996663585570526,1.70284816804097e-114,1826.42962962963,"f0078","m","low","10:16:40","1/01/2007",1,2007,"05/26/2022",4,30.9,30.2,30,NA,"W","med",83.32,NA,"Extender","/01/2007",30.3666666666667,"Nasuti",0
"405","MD61",1826.43055555556,5898.42829696015,11.9100161683651,0.999241131183031,9.31049479374492e-144,1826.43159722222,"f0078","m","top","10:19:30","1/01/2007",1,2007,"05/26/2022",5,27.6,33.4,33.4,NA,"","med",83.32,NA,"Extender","/01/2007",31.4666666666667,"Nasuti",0
"409","MD62",1857.42326388889,2893.92209282737,9.175159748358,0.998637914380935,3.37144769931859e-132,1857.42430555556,"f0080","m","mid","10:09:00","2/01/2007",2,2007,"05/27/2022",1,20.2,20,20,NA,"N","med",83.32,NA,"Extender","/01/2007",20.0666666666667,"Nasuti",0
"410","MD62",1857.42528935185,56.662011606634,0.458084140743855,0.858066444536379,8.85642330041707e-41,1857.42633101852,"f0080","m","low","10:11:55","2/01/2007",2,2007,"05/27/2022",2,21.2,20.8,20.7,NA,"E","med",83.32,NA,"Extender, mound looks dead","/01/2007",20.9,"Nasuti",0
"411","MD62",1857.42737268519,419.391754442093,4.33575243036013,0.96735738964786,2.02063299224183e-69,1857.42841435185,"f0080","m","mid","10:14:55","2/01/2007",2,2007,"05/27/2022",3,20.2,20.7,20.6,NA,"S","med",83.32,NA,"Extender, mound looks dead","/01/2007",20.5,"Nasuti",0
"412","MD62",1857.42945601852,3152.6197026469,7.59389718973425,0.998768397155915,3.45067613838056e-134,1857.43049768519,"f0080","m","low","10:17:55","2/01/2007",2,2007,"05/27/2022",4,21.1,21.1,21.1,NA,"W","med",83.32,NA,"Extender","/01/2007",21.1,"Nasuti",0
"413","MD62",1857.43153935185,6366.63203020975,8.20657039620636,0.999575763895017,3.00236473048263e-155,1857.43258101852,"f0080","m","top","10:20:55","2/01/2007",2,2007,"05/27/2022",5,22.2,21.4,21.3,NA,"","med",83.32,NA,"Extender","/01/2007",21.6333333333333,"Nasuti",0
"417","MD63",1885.42048611111,287.20644394198,0.54106921834436,0.988185966244465,1.6514656960226e-89,1885.42152777778,"f0081","m","mid","10:05:00","3/01/2007",3,2007,"05/27/2022",1,23.2,23.2,24.3,NA,"N","med",83.32,NA,"Extender","/01/2007",23.5666666666667,"Copto",0
"418","MD63",1885.4224537037,41.635421681988,0.092670073626664,0.792527373983285,7.80227932941567e-33,1885.42349537037,"f0081","m","low","10:07:50","3/01/2007",3,2007,"05/27/2022",2,23.1,22.1,29.2,NA,"E","med",83.32,NA,"Extender","/01/2007",24.8,"Copto",0
"419","MD63",1885.42517361111,594.622404035305,0.641406946791711,0.997638523355576,2.52106997951771e-121,1885.42621527778,"f0081","m","mid","10:11:45","3/01/2007",3,2007,"05/27/2022",3,27.6,26,26.2,NA,"S","med",83.32,NA,"Extender","/01/2007",26.6,"Copto",0
"420","MD63",1885.42708333333,781.040130912367,0.73226698767221,0.994349280062604,4.39695876346347e-104,1885.428125,"f0081","m","low","10:14:30","3/01/2007",3,2007,"05/27/2022",4,29,26.3,26,NA,"W","med",83.32,NA,"Extender","/01/2007",27.1,"Copto",0
"421","MD63",1885.42945601852,136.889666733579,0.573198801573317,0.969250942503795,1.33108999856681e-70,1885.43049768519,"f0081","m","top","10:17:55","3/01/2007",3,2007,"05/27/2022",5,28.7,26.7,26.6,NA,"","med",83.32,NA,"Extender","/01/2007",27.3333333333333,"Copto",0
"425","MD64",1916.37951388889,819.926086838137,8.88913841755881,0.813232567833612,6.44547634859744e-35,1916.38055555556,"f0082","m","mid","10:06:00","4/01/2007",4,2007,"05/27/2022",1,34.4,35.1,35.4,NA,"N","med",83.32,NA,"Extender","/01/2007",34.9666666666667,"Nasuti",0
"426","MD64",1916.38159722222,4472.874484194,8.75063210085872,0.9996859239659,3.43855790920375e-161,1916.38263888889,"f0082","m","low","10:09:00","4/01/2007",4,2007,"05/27/2022",2,34.6,36,35.6,NA,"E","med",83.32,NA,"Extender","/01/2007",35.4,"Nasuti",0
"427","MD64",1916.38368055556,1028.01367833373,6.25788121240287,0.998607260733178,9.28109506929714e-132,1916.38472222222,"f0082","m","mid","10:12:00","4/01/2007",4,2007,"05/27/2022",3,34,34.2,34.3,NA,"S","med",83.32,NA,"Extender","/01/2007",34.1666666666667,"Nasuti",0
"428","MD64",1916.38564814815,3479.9545871919,11.9067804676413,0.995404615684341,3.61283812954021e-108,1916.38668981481,"f0082","m","low","10:14:50","4/01/2007",4,2007,"05/27/2022",4,33.3,33.7,32.7,NA,"W","med",83.32,NA,"Extender","/01/2007",33.2333333333333,"Nasuti",0
"429","MD64",1916.38767361111,1609.50673749196,11.9360644122038,0.970436184855564,2.22434620632387e-71,1916.38871527778,"f0082","m","top","10:17:45","4/01/2007",4,2007,"05/27/2022",5,34.1,32.8,32.4,NA,"","med",83.32,NA,"Extender","/01/2007",33.1,"Nasuti",0
"433","MD65",1946.3796875,7779.95761142779,20.665362947131,0.998519033666208,1.51826344451127e-130,1946.38072916667,"f0083","m","mid","10:06:15","5/01/2007",5,2007,"05/27/2022",1,36,36.3,37.3,NA,"N","med",83.32,NA,"Extender","/01/2007",36.5333333333333,"Nasuti",0
"434","MD65",1946.3818287037,6657.1818025312,18.1455297204864,0.998756664560258,5.31200957399878e-134,1946.38287037037,"f0083","m","low","10:09:20","5/01/2007",5,2007,"05/27/2022",2,35.7,31.8,30.8,NA,"E","med",83.32,NA,"Extender","/01/2007",32.7666666666667,"Nasuti",0
"435","MD65",1946.38391203704,4563.75387006282,19.6004349982271,0.999544573821023,1.60764603434751e-155,1946.3849537037,"f0083","m","mid","10:12:20","5/01/2007",5,2007,"05/27/2022",3,33.8,31.8,31.2,NA,"S","med",83.32,NA,"Extender","/01/2007",32.2666666666667,"Nasuti",0
"436","MD65",1946.38587962963,2689.51586142078,18.1578672965633,0.943880322251248,2.45714641114962e-59,1946.3869212963,"f0083","m","low","10:15:10","5/01/2007",5,2007,"05/27/2022",4,31.8,30.8,31.1,NA,"W","med",83.32,NA,"Extender","/01/2007",31.2333333333333,"Nasuti",0
"437","MD65",1946.38796296296,2521.67615185281,18.775035804111,0.999053609076201,2.15098921784305e-139,1946.38900462963,"f0083","m","top","10:18:10","5/01/2007",5,2007,"05/27/2022",5,31.1,32.1,31.6,NA,"","med",83.32,NA,"Extender","/01/2007",31.6,"Nasuti",0
"441","MD66",1977.38009259259,493.344423479817,0.138119962544369,0.997468020300924,3.01005819421161e-121,1977.38113425926,"f0084","m","mid","10:06:50","6/01/2007",6,2007,"05/27/2022",1,37.8,36.6,36.1,NA,"N","med",83.32,NA,"","/01/2007",36.8333333333333,"Copto",0
"442","MD66",1977.38206018519,368.714874585805,0.26445630449719,0.997964446143639,1.31431221379802e-125,1977.38310185185,"f0084","m","low","10:09:40","6/01/2007",6,2007,"05/27/2022",2,34.3,31.9,30.9,NA,"S","med",83.32,NA,"","/01/2007",32.3666666666667,"Copto",0
"443","MD66",1977.38396990741,999.125904241181,0.323989875783915,0.999056128134859,1.90533030983942e-139,1977.38501157407,"f0084","m","low","10:12:25","6/01/2007",6,2007,"05/27/2022",3,33.2,32.2,31.6,NA,"W","med",83.32,NA,"","/01/2007",32.3333333333333,"Copto",0
"444","MD66",1977.38599537037,81.3307911547944,0.0385498070534427,0.937490426479937,3.51654130563827e-57,1977.38703703704,"f0084","m","top","10:15:20","6/01/2007",6,2007,"05/27/2022",4,35.2,36.8,36.9,NA,"","med",83.32,NA,"","/01/2007",36.3,"Copto",0
"448","MD67",2007.37951388889,3095.94104102214,16.5984952401466,0.9933696189367,6.34805853475696e-101,2007.38055555556,"f0085","m","mid","10:06:00","7/01/2007",7,2007,"05/27/2022",1,35,34.7,34.4,NA,"N","sm",47.78,NA,"","/01/2007",34.7,"",0
"449","MD67",2007.38159722222,5652.94379004961,18.0640459262286,0.998235410939079,4.40437755754657e-127,2007.38263888889,"f0085","m","low","10:09:00","7/01/2007",7,2007,"05/27/2022",2,32,31,30.1,NA,"E","sm",47.78,NA,"","/01/2007",31.0333333333333,"",0
"450","MD67",2007.38402777778,2035.76417208731,13.1976132513244,0.994050420884739,4.58794519734996e-103,2007.38506944444,"f0085","m","mid","10:12:30","7/01/2007",7,2007,"05/27/2022",3,32.4,31.4,31.3,NA,"S","sm",47.78,NA,"","/01/2007",31.7,"",0
"451","MD67",2007.38668981481,7257.52939147545,20.5737938954081,0.998995729774562,3.20362348013258e-138,2007.38773148148,"f0085","m","low","10:16:20","7/01/2007",7,2007,"05/27/2022",4,32.3,31.7,31.7,NA,"W","sm",47.78,NA,"","/01/2007",31.9,"",0
"455","MD7",212.379918981481,3592.63109346042,4.27706050191394,0.999696503635818,7.23227091086319e-162,212.380960648148,"f0015","m","mid","10:06:35","8/01/2002",8,2002,"05/17/2022",1,27.1,27.3,27.8,NA,"N","med",83.32,NA,"","/01/2002",27.4,"",0
"456","MD7",212.382002314815,4617.17404032556,4.14978911529639,0.999739257717396,7.22608813095811e-165,212.383043981481,"f0015","m","low","10:09:35","8/01/2002",8,2002,"05/17/2022",2,28.1,27.6,27.4,NA,"E","med",83.32,NA,"","/01/2002",27.7,"",0
"457","MD7",212.384085648148,3407.072715619,4.52543196016641,0.999772215668433,1.54386644475311e-167,212.385127314815,"f0015","m","mid","10:12:35","8/01/2002",8,2002,"05/17/2022",3,31.7,33.3,33.8,NA,"S","med",83.32,NA,"","/01/2002",32.9333333333333,"",0
"458","MD7",212.386168981481,6582.17699164967,4.82498867653954,0.999699834332076,4.3774011988701e-162,212.387210648148,"f0015","m","low","10:15:35","8/01/2002",8,2002,"05/17/2022",4,28.3,28.2,28.6,NA,"W","med",83.32,NA,"","/01/2002",28.3666666666667,"",0
"462","MD8",243.380555555556,32.1002028975741,0.0217365909969457,0.775030426349324,3.13945141332496e-31,243.381597222222,"f0016","m","mid","10:07:30","9/01/2002",9,2002,"05/17/2022",1,37.4,37.1,36.9,NA,"N","med",83.32,NA,"Extender","/01/2002",37.1333333333333,"Copto",0
"463","MD8",243.38275462963,-131.464146508308,-0.118344307508782,0.976881656754527,3.06355050002995e-76,243.383796296296,"f0016","m","low","10:10:40","9/01/2002",9,2002,"05/17/2022",2,34.7,34.2,34.5,NA,"E","med",83.32,NA,"Extender","/01/2002",34.4666666666667,"Copto",0
"464","MD8",243.384953703704,-142.015508039506,-0.137809915384215,0.983992313037108,1.66573152333173e-83,243.38599537037,"f0016","m","mid","10:13:50","9/01/2002",9,2002,"05/17/2022",3,33.9,33.6,33,NA,"S","med",83.32,NA,"Extender","/01/2002",33.5,"Copto",0
"465","MD8",243.387037037037,-115.310551619652,-0.0458828787215937,0.97571400908222,2.884954910461e-75,243.388078703704,"f0016","m","low","10:16:50","9/01/2002",9,2002,"05/17/2022",4,31.8,31.5,30.9,NA,"W","med",83.32,NA,"Extender","/01/2002",31.4,"Copto",0
"466","MD8",243.38900462963,51.4224810724124,0.0263778990047459,0.926503000185776,2.25268514019337e-53,243.390046296296,"f0016","m","top","10:19:40","9/01/2002",9,2002,"05/17/2022",5,31.4,31.8,33,NA,"","med",83.32,NA,"Extender","/01/2002",32.0666666666667,"Copto",0
"470","MD9",273.381018518519,40.2963618027161,0.0419910437495575,0.85375476584007,9.24659200651808e-40,273.382060185185,"f0017","m","mid","10:08:10","10/01/2002",10,2002,"05/17/2022",1,33.2,32.5,32.6,NA,"N","med",83.32,NA,"Extender","/01/2002",32.7666666666667,"Copto",0
"471","MD9",273.383159722222,155.305083500542,0.110805839910118,0.986406809182093,9.77818444142823e-87,273.384201388889,"f0017","m","low","10:11:15","10/01/2002",10,2002,"05/17/2022",2,31.9,32.8,33.2,NA,"E","med",83.32,NA,"Extender","/01/2002",32.6333333333333,"Copto",0
"472","MD9",273.385648148148,70.7570830920307,0.12964029612862,0.928373711249513,6.96308552854289e-54,273.386689814815,"f0017","m","mid","10:14:50","10/01/2002",10,2002,"05/17/2022",3,31.8,31.6,31.5,NA,"S","med",83.32,NA,"Extender","/01/2002",31.6333333333333,"Copto",0
"473","MD9",273.387673611111,142.252246179088,0.0970119044154056,0.980514944283332,1.27888524578046e-79,273.388715277778,"f0017","m","low","10:17:45","10/01/2002",10,2002,"05/17/2022",4,32.8,33.5,33.3,NA,"W","med",83.32,NA,"Extender","/01/2002",33.2,"Copto",0
"474","MD9",273.389641203704,-300.983961878346,-1.09831070597456,0.996392929501965,5.92283637219123e-113,273.39068287037,"f0017","m","top","10:20:35","10/01/2002",10,2002,"05/17/2022",5,32.5,32.4,30.1,NA,"","med",83.32,NA,"Extender","/01/2002",31.6666666666667,"Copto",0
