"sample","extract_ID","avg_flux","avg_dif","species_s","rank","Time_start","flux_start","fDOY_end","file","flux_source","position","measurement_day_alt","month_alt","year_alt","measurement_day_actual","tag","t0","t1","t2","t3","directon","chamber","chamber_SA_cm2","soil_moisture","notes","measurement_day_altyr","avg_respT","campaign","species","ID_measurement","flux.CO2","flux.CO2_umol","flux.CH4","CH4_CO2","R2.CO2","R2.CH4","p.CO2","p.CH4","fieldnotes","wall_thickness_mm","ID_mound","precip_1mo","precip_2mo","precip_3mo","top_emitters"
"MD37","MD37-1-mid",8484.831586537,1758.9742169026,"A. laurensis","top",1155.42309027778,"2024-04-12 14:25:00",1155.42413194444,"f0052","m","mid","3/01/2005",3,2005,"05/23/2022","1",37.6,39,39.2,NA,"N","med",83.32,NA,"","/01/2005",38.6,"may22","Ami","MD37-1",423.055146884017,423055.146884017,10243.8058034396,0.0242138782115987,0.999548592666214,0.999774955230187,5.06050651419919e-154,8.90246226817749e-168,NA,NA,"MD37-may22",129.9,177.9,273.4,"y"
"MD37","MD37-2-low",8484.831586537,1651.95994153704,"A. laurensis","top",1155.42523148148,"2024-04-12 14:25:00",1155.42627314815,"f0052","m","low","3/01/2005",3,2005,"05/23/2022","2",35.8,37,35.6,NA,"E","med",83.32,NA,"","/01/2005",36.1333333333333,"may22","Ami","MD37-2",117.218747193378,117218.747193378,6832.87164499996,0.0582916283325196,0.790279389921238,0.983123934515324,1.27578004421692e-32,1.84366367942174e-82,NA,NA,"MD37-may22",129.9,177.9,273.4,"y"
"MD37","MD37-3-mid",8484.831586537,4068.0116929307,"A. laurensis","top",1155.42731481481,"2024-04-12 14:25:00",1155.42835648148,"f0052","m","mid","3/01/2005",3,2005,"05/23/2022","3",36.7,39.5,40.2,NA,"S","med",83.32,NA,"","/01/2005",38.8,"may22","Ami","MD37-3",458.359958696928,458359.958696928,12552.8432794677,0.0273864307762707,0.999565803466065,0.999710538325424,8.63073094670227e-155,8.38844537893399e-163,NA,NA,"MD37-may22",129.9,177.9,273.4,"y"
"MD54","MD54-1-mid",7622.71925316276,998.946797839742,"A. laurensis","top",1642.42118055556,"2024-04-12 16:27:00",1642.42222222222,"f0071","m","mid","7/01/2006",7,2006,"05/25/2022","1",33.9,31.1,31.2,NA,"N","sm",47.78,NA,"","/01/2006",32.0666666666667,"may22","Ami","MD54-1",357.491612083182,357491.612083182,8621.6660510025,0.0241171142471348,0.998276933184729,0.998341446156244,1.49052437057428e-127,2.62587853602528e-128,NA,NA,"MD54-may22",129.9,177.9,273.4,"y"
"MD54","MD54-2-low",7622.71925316276,1424.66210252582,"A. laurensis","top",1642.42326388889,"2024-04-12 16:27:00",1642.42430555556,"f0071","m","low","7/01/2006",7,2006,"05/25/2022","2",34.7,34.6,34.7,NA,"E","sm",47.78,NA,"","/01/2006",34.6666666666667,"may22","Ami","MD54-2",269.710745212442,269710.745212442,6198.05715063694,0.0229803864349377,0.995625433820172,0.99696781335811,3.84326082274985e-109,2.19667761378475e-116,NA,NA,"MD54-may22",129.9,177.9,273.4,"y"
"MD54","MD54-3-mid",7622.71925316276,2012.23840604797,"A. laurensis","top",1642.4255787037,"2024-04-12 16:27:00",1642.42662037037,"f0071","m","mid","7/01/2006",7,2006,"05/25/2022","3",33,33,33,NA,"S","sm",47.78,NA,"","/01/2006",33,"may22","Ami","MD54-3",252.973714437162,252973.714437162,5610.48084711479,0.0221781178317181,0.998796919966127,0.999114262262463,4.09892292380197e-136,3.1267357553351e-142,NA,NA,"MD54-may22",129.9,177.9,273.4,"y"
"MD10","MD10-1-low",3623.04756103445,488.866675555765,"A. laurensis","top",334.420659722222,"2024-04-12 15:01:00",334.421701388889,"f0019","m","low","12/01/2002",12,2002,"05/17/2022","1",32,32.2,32.3,NA,"N","med",83.32,NA,"colony overtaken by ants, ant sample taken","/01/2002",32.1666666666667,"may22","Ami","MD10-1",394.525959594908,394525.959594908,4111.91423659021,0.0104224174267575,0.999444612215518,0.999768062838927,1.48052234460284e-151,5.32048014090525e-169,NA,NA,"MD10-may22",129.9,177.9,273.4,"y"
"MD10","MD10-2-mid",3623.04756103445,411.723396198925,"A. laurensis","top",334.422858796296,"2024-04-12 15:01:00",334.423900462963,"f0019","m","mid","12/01/2002",12,2002,"05/17/2022","2",31.5,31.5,31.6,NA,"E","med",83.32,NA,"colony overtaken by ants, ant sample taken","/01/2002",31.5333333333333,"may22","Ami","MD10-2",239.493408672777,239493.408672777,4034.77095723337,0.0168471064802712,0.997482348708153,0.999197065191704,4.64580169868252e-120,1.21436694890108e-142,NA,NA,"MD10-may22",129.9,177.9,273.4,"y"
"MD10","MD10-4-mid",3623.04756103445,370.054642520005,"A. laurensis","top",334.427199074074,"2024-04-12 15:01:00",334.428240740741,"f0019","m","mid","12/01/2002",12,2002,"05/17/2022","4",31.9,32.2,32.3,NA,"W","med",83.32,NA,"colony overtaken by ants, ant sample taken","/01/2002",32.1333333333333,"may22","Ami","MD10-4",255.118604391267,255118.604391267,3993.10220355445,0.0156519443694916,0.998226220846467,0.998052127963954,5.57869803828327e-127,3.95038829481196e-125,NA,NA,"MD10-may22",129.9,177.9,273.4,"y"
"MD47","MD47-2-low",3470.88753016692,533.092771608015,"A. laurensis","top",1430.42361111111,"2024-04-12 15:19:00",1430.42465277778,"f0062","m","low","12/01/2005",12,2005,"05/24/2022","2",32,31.2,30.9,NA,"E","med",83.32,NA,"","/01/2005",31.3666666666667,"may22","Ami","MD47-2",251.24567893098,251245.67893098,2937.79475855891,0.0116929165550583,0.998833878525652,0.99956031164988,9.75727346081095e-137,3.18880229515737e-156,NA,NA,"MD47-may22",129.9,177.9,273.4,"y"
"MD47","MD47-3-mid",3470.88753016692,79.886613890345,"A. laurensis","top",1430.42563657407,"2024-04-12 15:19:00",1430.42667824074,"f0062","m","mid","12/01/2005",12,2005,"05/24/2022","3",31.4,31,30.8,NA,"S","med",83.32,NA,"","/01/2005",31.0666666666667,"may22","Ami","MD47-3",244.794740321647,244794.740321647,3391.00091627658,0.0138524255538374,0.998704388521876,0.999451942513938,3.46022658254665e-133,3.45088870434372e-150,NA,NA,"MD47-may22",129.9,177.9,273.4,"y"
"MD47","MD47-4-low",3470.88753016692,845.674769285375,"A. laurensis","top",1430.42766203704,"2024-04-12 15:19:00",1430.4287037037,"f0062","m","low","12/01/2005",12,2005,"05/24/2022","4",31,31,30.9,NA,"W","med",83.32,NA,"","/01/2005",30.9666666666667,"may22","Ami","MD47-4",206.352174976067,206352.174976067,2625.21276088155,0.0127220018940243,0.997969445334323,0.999355694144901,2.61894486682949e-124,5.4331633823519e-147,NA,NA,"MD47-may22",129.9,177.9,273.4,"y"
"MD41","MD41-1-mid",289.905149293338,192.372428261835,"A. laurensis","bottom",1247.4541087963,"2024-04-12 09:12:00",1247.45515046296,"f0056","m","mid","6/01/2005",6,2005,"05/24/2022","1",30,27.3,26.8,NA,"N","sm",47.78,NA,"found nasute soldiers and ami workers in ami like mound","/01/2005",28.0333333333333,"may22","Ami","MD41-1",59.4278002138762,59427.8002138762,97.5327210315031,0.00164119689237175,0.990503510819085,0.983603904298411,7.98681347266825e-94,4.95939350535965e-83,NA,NA,"MD41-may22",129.9,177.9,273.4,"y"
"MD41","MD41-3-mid",289.905149293338,158.092061881575,"A. laurensis","bottom",1247.45833333333,"2024-04-12 09:12:00",1247.459375,"f0056","m","mid","6/01/2005",6,2005,"05/24/2022","3",29.4,29.7,30.1,NA,"S","sm",47.78,NA,"found nasute soldiers and ami workers in ami like mound","/01/2005",29.7333333333333,"may22","Ami","MD41-3",113.169016191337,113169.016191337,131.813087411763,0.00116474536801578,0.994919615008735,0.992117809354271,3.47220086575925e-106,1.66089850493536e-97,NA,NA,"MD41-may22",129.9,177.9,273.4,"y"
"MD41","MD41-4-low",289.905149293338,174.115305544394,"A. laurensis","bottom",1247.46053240741,"2024-04-12 09:12:00",1247.46157407407,"f0056","m","low","6/01/2005",6,2005,"05/24/2022","4",30.1,29.8,30.1,NA,"W","sm",47.78,NA,"found nasute soldiers and ami workers in ami like mound","/01/2005",30,"may22","Ami","MD41-4",71.5975750495342,71597.5750495342,115.789843748944,0.00161723136110177,0.996163603936355,0.985424890120963,9.7849660978591e-112,2.33713646857709e-85,NA,NA,"MD41-may22",129.9,177.9,273.4,"y"
"MD24","MD24-1-mid",711.905554498981,261.79750166669,"A. laurensis","bottom",761.423611111111,"2024-04-12 12:13:00",761.424652777778,"f0037","m","mid","2/01/2004",2,2004,"05/19/2022","1",36.6,34.6,34.1,NA,"N","med",83.32,NA,"","/01/2004",35.1,"may22","Ami","MD24-1",124.47899694287,124478.99694287,450.108052832291,0.00361593573122114,0.996079074924827,0.99788147451096,2.63778692645375e-111,1.80388952626806e-123,NA,NA,"MD24-may22",129.9,177.9,273.4,"y"
"MD24","MD24-3-mid",711.905554498981,271.777163183704,"A. laurensis","bottom",761.427662037037,"2024-04-12 12:13:00",761.428703703704,"f0037","m","mid","2/01/2004",2,2004,"05/19/2022","3",32.4,32.3,32,NA,"S","med",83.32,NA,"","/01/2004",32.2333333333333,"may22","Ami","MD24-3",126.31225697757,126312.25697757,440.128391315277,0.00348444720921607,0.99684314087639,0.99749320187019,1.37407282595379e-115,3.81672208105615e-120,NA,NA,"MD24-may22",129.9,177.9,273.4,"y"
"MD24","MD24-4-low",711.905554498981,228.739963231667,"A. laurensis","bottom",761.429513888889,"2024-04-12 12:13:00",761.430555555556,"f0037","m","low","2/01/2004",2,2004,"05/19/2022","4",32.1,32.1,31.8,NA,"W","med",83.32,NA,"","/01/2004",32,"may22","Ami","MD24-4",89.9361315126976,89936.1315126976,483.165591267314,0.00537231903508212,0.993606599148949,0.995298970891667,1.21169137493579e-101,1.01626325975544e-107,NA,NA,"MD24-may22",129.9,177.9,273.4,"y"
"MD23","MD23-1-mid",875.231144948271,92.2465624690858,"A. laurensis","bottom",730.422222222222,"2024-04-12 11:01:00",730.423263888889,"f0036","m","mid","1/01/2004",1,2004,"05/19/2022","1",33,32.3,32.1,NA,"N","med",83.32,NA,"","/01/2004",32.4666666666667,"may22","Ami","MD23-1",217.685318034201,217685.318034201,967.477707417357,0.00444438658589439,0.99933266264713,0.999390862191739,6.90077510633128e-148,1.03731608314473e-149,NA,NA,"MD23-may22",129.9,177.9,273.4,"y"
"MD23","MD23-2-low",875.231144948271,53.8088057308507,"A. laurensis","bottom",730.424594907407,"2024-04-12 11:01:00",730.425636574074,"f0036","m","low","1/01/2004",1,2004,"05/19/2022","2",34.6,33.8,33.8,NA,"E","med",83.32,NA,"","/01/2004",34.0666666666667,"may22","Ami","MD23-2",186.792902062045,186792.902062045,929.039950679122,0.00497363625931853,0.997433350062008,0.998925416364012,1.11674605691217e-119,6.96441837125927e-137,NA,NA,"MD23-may22",129.9,177.9,273.4,"y"
"MD23","MD23-4-low",875.231144948271,48.2963547437843,"A. laurensis","bottom",730.428587962963,"2024-04-12 11:01:00",730.42962962963,"f0036","m","low","1/01/2004",1,2004,"05/19/2022","4",29.4,29.6,29.6,NA,"W","med",83.32,NA,"","/01/2004",29.5333333333333,"may22","Ami","MD23-4",261.091551832855,261091.551832855,826.934790204487,0.00316722155274435,0.997769038764969,0.999254854562365,8.91197151227193e-124,1.10182492569084e-145,NA,NA,"MD23-may22",129.9,177.9,273.4,"y"
"MD42","MD42-1-mid",1538.08859934454,86.1974257708,"A. laurensis","bottom",1277.42083333333,"2024-04-12 09:59:00",1277.421875,"f0057","m","mid","7/01/2005",7,2005,"05/24/2022","1",35.6,33.6,33.1,NA,"N","sm",47.78,NA,"found nasute soldiers and ami workers in ami like mound","/01/2005",34.1,"may22","Ami","MD42-1",153.983914353057,153983.914353057,1451.89117357374,0.00942884962805153,0.998954211281431,0.998968854817759,2.02371073304783e-137,1.06536187554059e-137,NA,NA,"MD42-may22",129.9,177.9,273.4,"y"
"MD42","MD42-2-low",1538.08859934454,407.16855893722,"A. laurensis","bottom",1277.4228587963,"2024-04-12 09:59:00",1277.42390046296,"f0057","m","low","7/01/2005",7,2005,"05/24/2022","2",35.9,35.6,35.6,NA,"E","sm",47.78,NA,"found nasute soldiers and ami workers in ami like mound","/01/2005",35.7,"may22","Ami","MD42-2",157.94185212059,157941.85212059,1945.25715828176,0.0123162868623102,0.997349224189917,0.995980572493982,4.84464186129479e-119,8.15742525894004e-111,NA,NA,"MD42-may22",129.9,177.9,273.4,"y"
"MD42","MD42-3-mid",1538.08859934454,256.51433652631,"A. laurensis","bottom",1277.42476851852,"2024-04-12 09:59:00",1277.42581018519,"f0057","m","mid","7/01/2005",7,2005,"05/24/2022","3",35.4,33.7,34.6,NA,"S","sm",47.78,NA,"found nasute soldiers and ami workers in ami like mound","/01/2005",34.5666666666667,"may22","Ami","MD42-3",156.951175257769,156951.175257769,1794.60293587085,0.011434147803758,0.998240106742212,0.998340167631897,3.90147145557792e-127,2.71957897949284e-128,NA,NA,"MD42-may22",129.9,177.9,273.4,"y"
"MD59","MD59-2-low",6995.67187969661,5410.38011588099,"C. acinaciformis","top",1765.42314814815,"2024-04-12 13:39:00",1765.42418981481,"f0076","m","low","11/01/2006",11,2006,"05/26/2022","2",41.7,43.4,43.6,NA,"E","med",83.32,NA,"Extender","/01/2006",42.9,"may22","Copto","MD59-2",4832.54938686984,4832549.38686984,12406.0519955776,0.00256718576519573,0.999248110140019,0.999476979289854,6.11509858369823e-144,4.11099308483081e-151,NA,NA,"MD59-may22",129.9,177.9,273.4,"y"
"MD59","MD59-3-mid",6995.67187969661,3976.87937805106,"C. acinaciformis","top",1765.42511574074,"2024-04-12 13:39:00",1765.42615740741,"f0076","m","mid","11/01/2006",11,2006,"05/26/2022","3",40.1,43.6,44.4,NA,"S","med",83.32,NA,"Extender","/01/2006",42.7,"may22","Copto","MD59-3",1393.83112813785,1393831.12813785,3018.79250164555,0.00216582370755246,0.997563568703659,0.997349035805849,1.04486284847496e-120,4.86033260649445e-119,NA,NA,"MD59-may22",129.9,177.9,273.4,"y"
"MD59","MD59-5-top",6995.67187969661,2541.41219328839,"C. acinaciformis","top",1765.42916666667,"2024-04-12 13:39:00",1765.43020833333,"f0076","m","top","11/01/2006",11,2006,"05/26/2022","5",39,40,40,NA,"","med",83.32,NA,"Extender","/01/2006",39.6666666666667,"may22","Copto","MD59-5",1406.39572286344,1406395.72286344,4454.25968640822,0.00316714535887473,0.999205054041508,0.999197541480153,7.7047101838236e-143,1.18201992647584e-142,NA,NA,"MD59-may22",129.9,177.9,273.4,"y"
"MD26","MD26-3-mid",5531.28918834306,2550.34511128985,"C. acinaciformis","top",821.427141203704,"2024-04-12 15:16:00",821.42818287037,"f0039","m","mid","4/01/2004",4,2004,"05/19/2022","3",38.5,39.8,39,NA,"S","med",83.32,NA,"Extender","/01/2004",39.1,"may22","Copto","MD26-3",2210.67978499149,2210679.78499149,2980.94407705321,0.00134842870382726,0.999220132612703,0.998931450091469,3.22356615443158e-143,5.39035485307841e-137,NA,NA,"MD26-may22",129.9,177.9,273.4,"y"
"MD26","MD26-4-low",5531.28918834306,417.156625133272,"C. acinaciformis","top",821.429282407407,"2024-04-12 15:16:00",821.430324074074,"f0039","m","low","4/01/2004",4,2004,"05/19/2022","4",35.4,35.3,35,NA,"W","med",83.32,NA,"Extender","/01/2004",35.2333333333333,"may22","Copto","MD26-4",1095.99016187827,1095990.16187827,5114.13256320979,0.00466622123180866,0.999373097916201,0.99925350522306,1.56295500895633e-147,4.406594965944e-144,NA,NA,"MD26-may22",129.9,177.9,273.4,"y"
"MD26","MD26-5-top",5531.28918834306,369.348853076458,"C. acinaciformis","top",821.431076388889,"2024-04-12 15:16:00",821.432118055556,"f0039","m","top","4/01/2004",4,2004,"05/19/2022","5",35.1,36,36.6,NA,"","med",83.32,NA,"Extender","/01/2004",35.9,"may22","Copto","MD26-5",2312.61358887338,2312613.58887338,5900.63804141952,0.00255150193262252,0.998897720888082,0.99911769219895,2.21680448663444e-136,8.85379055462071e-141,NA,NA,"MD26-may22",129.9,177.9,273.4,"y"
"MD43","MD43-1-mid",4145.65267255934,1800.23264078882,"C. acinaciformis","top",1308.41979166667,"2024-04-12 10:45:00",1308.42083333333,"f0058","m","mid","8/01/2005",8,2005,"05/24/2022","1",39,38.7,38.8,NA,"N","med",83.32,NA,"Extender","/01/2005",38.8333333333333,"may22","Copto","MD43-1",645.659007149739,645659.007149739,5945.88531334816,0.00920901783682422,0.996724262390324,0.995793814837599,7.38733476331465e-115,6.44233713322127e-110,NA,NA,"MD43-may22",129.9,177.9,273.4,"y"
"MD43","MD43-2-low",4145.65267255934,523.660014870024,"C. acinaciformis","top",1308.42175925926,"2024-04-12 10:45:00",1308.42280092593,"f0058","m","low","8/01/2005",8,2005,"05/24/2022","2",36.6,38.2,37.5,NA,"E","med",83.32,NA,"Extender","/01/2005",37.4333333333333,"may22","Copto","MD43-2",523.561432975984,523561.432975984,4669.31268742936,0.00891836639090936,0.995770896601409,0.998648619528963,8.24944127205968e-110,2.35448623910119e-132,NA,NA,"MD43-may22",129.9,177.9,273.4,"y"
"MD43","MD43-5-top",4145.65267255934,1570.26975931182,"C. acinaciformis","top",1308.42777777778,"2024-04-12 10:45:00",1308.42881944444,"f0058","m","top","8/01/2005",8,2005,"05/24/2022","5",35.7,36.5,36.6,NA,"","med",83.32,NA,"Extender","/01/2005",36.2666666666667,"may22","Copto","MD43-5",663.489540025144,663489.540025144,5715.92243187116,0.00861493977984121,0.99837488101606,0.996187532734738,4.16801434038161e-130,4.52021892455864e-113,NA,NA,"MD43-may22",129.9,177.9,273.4,"y"
"MD53","MD53-2-low",3635.61612273076,744.21573761614,"C. acinaciformis","top",1612.42337962963,"2024-04-12 15:10:00",1612.4244212963,"f0070","m","low","6/01/2006",6,2006,"05/25/2022","2",39.2,39.2,39.3,NA,"E","med",83.32,NA,"Extender","/01/2006",39.2333333333333,"may22","Copto","MD53-2",2092.4473368032,2092447.3368032,2891.40038511462,0.00138182707600758,0.999745824932165,0.99965936163141,2.26375501768186e-165,1.38247036763398e-159,NA,NA,"MD53-may22",129.9,177.9,273.4,"y"
"MD53","MD53-4-low",3635.61612273076,1772.80515874369,"C. acinaciformis","top",1612.4275462963,"2024-04-12 15:10:00",1612.42858796296,"f0070","m","low","6/01/2006",6,2006,"05/25/2022","4",30.4,33.4,35,NA,"W","med",83.32,NA,"Extender","/01/2006",32.9333333333333,"may22","Copto","MD53-4",3359.58104617666,3359581.04617666,5408.42128147445,0.00160984992090887,0.998863304216981,0.999023505969983,3.01122482548359e-137,2.77891273003101e-140,NA,NA,"MD53-may22",129.9,177.9,273.4,"y"
"MD53","MD53-5-top",3635.61612273076,434.87818826537,"C. acinaciformis","top",1612.42962962963,"2024-04-12 15:10:00",1612.4306712963,"f0070","m","top","6/01/2006",6,2006,"05/25/2022","5",35.2,35.4,35.4,NA,"","med",83.32,NA,"Extender","/01/2006",35.3333333333333,"may22","Copto","MD53-5",1924.79868608438,1924798.68608438,4070.49431099613,0.00211476365836302,0.996112659402448,0.996398522239556,1.78339212386666e-111,5.51907638642576e-113,NA,NA,"MD53-may22",129.9,177.9,273.4,"y"
"MD8","MD8-2-low",-61.053504439891,70.410642073832,"C. acinaciformis","bottom",243.424421296296,"2024-04-12 12:41:00",243.425462962963,"f0016","m","low","9/01/2002",9,2002,"05/17/2022","2",34.7,34.2,34.5,NA,"E","med",83.32,NA,"Extender","/01/2002",34.4666666666667,"may22","Copto","MD8-2",1110.86159766865,1110861.59766865,-131.464146513723,-0.000118344307508357,0.999493324563984,0.976881656745538,9.69487305420295e-152,3.06355055424251e-76,NA,NA,"MD8-may22",129.9,177.9,273.4,"y"
"MD8","MD8-3-mid",-61.053504439891,80.96200360926,"C. acinaciformis","bottom",243.42662037037,"2024-04-12 12:41:00",243.427662037037,"f0016","m","mid","9/01/2002",9,2002,"05/17/2022","3",33.9,33.6,33,NA,"S","med",83.32,NA,"Extender","/01/2002",33.5,"may22","Copto","MD8-3",1030.51734450797,1030517.34450797,-142.015508049151,-0.000137809915384741,0.999567518939922,0.983992313045048,7.20810178305976e-155,1.66573148573155e-83,NA,NA,"MD8-may22",129.9,177.9,273.4,"y"
"MD8","MD8-4-low",-61.053504439891,54.257047178189,"C. acinaciformis","bottom",243.428703703704,"2024-04-12 12:41:00",243.42974537037,"f0016","m","low","9/01/2002",9,2002,"05/17/2022","4",31.8,31.5,30.9,NA,"W","med",83.32,NA,"Extender","/01/2002",31.4,"may22","Copto","MD8-4",2513.1498901315,2513149.8901315,-115.31055161808,-4.58828787215897e-05,0.996988023317543,0.97571400908195,1.62037390700616e-116,2.88495491191894e-75,NA,NA,"MD8-may22",129.9,177.9,273.4,"y"
"MD9","MD9-1-mid",21.5253624961692,18.7709992865626,"C. acinaciformis","bottom",273.422685185185,"2024-04-12 13:44:00",273.423726851852,"f0017","m","mid","10/01/2002",10,2002,"05/17/2022","1",33.2,32.5,32.6,NA,"N","med",83.32,NA,"Extender","/01/2002",32.7666666666667,"may22","Copto","MD9-1",959.641823294027,959641.823294027,40.2963617827318,4.19910437463138e-05,0.999649179498992,0.853754765711353,5.28039861954031e-159,9.24659237749782e-40,NA,NA,"MD9-may22",129.9,177.9,273.4,"y"
"MD9","MD9-3-mid",21.5253624961692,49.2317205703802,"C. acinaciformis","bottom",273.427314814815,"2024-04-12 13:44:00",273.428356481482,"f0017","m","mid","10/01/2002",10,2002,"05/17/2022","3",31.8,31.6,31.5,NA,"S","med",83.32,NA,"Extender","/01/2002",31.6333333333333,"may22","Copto","MD9-3",545.795444517412,545795.444517412,70.7570830665494,0.000129640296153648,0.9986738747444,0.928373711654337,9.97941483164703e-133,6.96308373641869e-54,NA,NA,"MD9-may22",129.9,177.9,273.4,"y"
"MD9","MD9-4-low",21.5253624961692,120.726883681661,"C. acinaciformis","bottom",273.429340277778,"2024-04-12 13:44:00",273.430381944444,"f0017","m","low","10/01/2002",10,2002,"05/17/2022","4",32.8,33.5,33.3,NA,"W","med",83.32,NA,"Extender","/01/2002",33.2,"may22","Copto","MD9-4",1466.33804412925,1466338.04412925,142.25224617783,9.70119044154673e-05,0.997548911529327,0.980514944284946,1.37271890548777e-120,1.27888524095901e-79,NA,NA,"MD9-may22",129.9,177.9,273.4,"y"
"MD28","MD28-1-mid",55.1955869402289,55.1955869402289,"C. acinaciformis","bottom",882.420833333333,"2024-04-12 08:09:00",882.421875,"f0042","m","mid","6/01/2004",6,2004,"05/20/2022","1",26.2,25.6,25.4,NA,"N","med",83.32,NA,"Extender","/01/2004",25.7333333333333,"may22","Copto","MD28-1",617.774658512584,617774.658512584,0,0,0.998806694454404,0,8.19748161968837e-135,0,NA,NA,"MD28-may22",129.9,177.9,273.4,"y"
"MD28","MD28-2-low",55.1955869402289,42.556161758032,"C. acinaciformis","bottom",882.422800925926,"2024-04-12 08:09:00",882.423842592593,"f0042","m","low","6/01/2004",6,2004,"05/20/2022","2",26.1,26.6,27.2,NA,"E","med",83.32,NA,"Extender","/01/2004",26.6333333333333,"may22","Copto","MD28-2",1263.52267945728,1263522.67945728,97.7517486982609,7.73644591328176e-05,0.998650555516673,0.941755448965181,2.20580288038053e-132,5.66350245350512e-58,NA,NA,"MD28-may22",129.9,177.9,273.4,"y"
"MD28","MD28-3-mid",55.1955869402289,34.5647603070753,"C. acinaciformis","bottom",882.424710648148,"2024-04-12 08:09:00",882.425752314815,"f0042","m","mid","6/01/2004",6,2004,"05/20/2022","3",26.3,27.3,27.7,NA,"S","med",83.32,NA,"Extender","/01/2004",27.1,"may22","Copto","MD28-3",938.909341293446,938909.341293446,20.6308266331536,2.19731828471666e-05,0.998237757604064,0.335928124740571,4.14560474151177e-127,1.14840273967372e-09,NA,NA,"MD28-may22",129.9,177.9,273.4,"y"
"MD6","MD6-3-mid",83.7427841569958,210.658490029866,"C. acinaciformis","bottom",181.42662037037,"2024-04-12 09:36:00",181.427662037037,"f0014","m","mid","7/01/2002",7,2002,"05/17/2022","3",30,29.8,29.8,NA,"S","med",83.32,NA,"","/01/2002",29.8666666666667,"may22","Copto","MD6-3",1209.85616897952,1209856.16897952,-126.91570587287,-0.000104901482611706,0.9990068377796,0.969586488261482,1.93132818966505e-138,8.07821755000065e-71,NA,NA,"MD6-may22",129.9,177.9,273.4,"y"
"MD6","MD6-4-low",83.7427841569958,200.011061415101,"C. acinaciformis","bottom",181.428761574074,"2024-04-12 09:36:00",181.429803240741,"f0014","m","low","7/01/2002",7,2002,"05/17/2022","4",29.5,29.5,29.7,NA,"W","med",83.32,NA,"","/01/2002",29.5666666666667,"may22","Copto","MD6-4",493.422763823855,493422.763823855,-116.268277258105,-0.00023563622471948,0.998373738405723,0.974187943367656,1.07333565824872e-128,4.62072342160702e-74,NA,NA,"MD6-may22",129.9,177.9,273.4,"y"
"MD6","MD6-5-top",83.7427841569958,53.1462705096782,"C. acinaciformis","bottom",181.431365740741,"2024-04-12 09:36:00",181.432407407407,"f0014","m","top","7/01/2002",7,2002,"05/17/2022","5",28.9,29.3,29.7,NA,"","med",83.32,NA,"","/01/2002",29.3,"may22","Copto","MD6-5",1719.69752182088,1719697.52182088,136.889054666674,7.96006582144346e-05,0.99911025092169,0.982369785202032,1.29744448874865e-140,1.34811198064793e-81,NA,NA,"MD6-may22",129.9,177.9,273.4,"y"
"MD11","MD11-5-top",8905.32500256347,280.962248938828,"N. magnus","top",365.430902777778,"2024-04-12 15:54:00",365.431944444444,"f0020","m","top","1/01/2003",1,2003,"05/17/2022","5",31.9,32.4,32.2,NA,"","med",83.32,NA,"Extender","/01/2003",32.1666666666667,"may22","Nasuti","MD11-5",622.829045992546,622829.045992546,8624.36275362464,0.0138470785990412,0.99863792169362,0.998474796886782,3.37062421602983e-132,5.79375553063757e-130,NA,NA,"MD11-may22",129.9,177.9,273.4,"y"
"MD11","MD11-3-mid",8905.32500256347,3518.56460088328,"N. magnus","top",365.4265625,"2024-04-12 15:54:00",365.427604166667,"f0020","m","mid","1/01/2003",1,2003,"05/17/2022","3",30.1,30,30.1,NA,"S","med",83.32,NA,"Extender","/01/2003",30.0666666666667,"may22","Nasuti","MD11-3",553.160549293695,553160.549293695,5386.76040168019,0.00973814999742533,0.994859195237841,0.991431644864506,5.94616374152336e-106,7.41120623317892e-96,NA,NA,"MD11-may22",129.9,177.9,273.4,"y"
"MD11","MD11-1-mid",8905.32500256347,3788.79737497003,"N. magnus","top",365.422280092593,"2024-04-12 15:54:00",365.423321759259,"f0020","m","mid","1/01/2003",1,2003,"05/17/2022","1",31.8,30.8,30.7,NA,"N","med",83.32,NA,"Extender","/01/2003",31.1,"may22","Nasuti","MD11-1",1143.63511485451,1143635.11485451,12694.1223775335,0.011099801162671,0.999507796913692,0.999458799835568,5.72281824508475e-154,4.50241359907668e-152,NA,NA,"MD11-may22",129.9,177.9,273.4,"y"
"MD39","MD39-1-mid",10274.2937010658,2484.00356897643,"N. magnus","top",1216.42390046296,"2024-04-12 16:52:00",1216.42494212963,"f0054","m","mid","5/01/2005",5,2005,"05/23/2022","1",28.4,28.3,28.1,NA,"N","med",83.32,NA,"Extender","/01/2005",28.2666666666667,"may22","Nasuti","MD39-1",607.035581674577,607035.581674577,7790.29013208934,0.0128333336088783,0.997761788200554,0.998011743523198,2.19890312431356e-122,1.00494804652725e-124,NA,NA,"MD39-may22",129.9,177.9,273.4,"y"
"MD39","MD39-2-low",10274.2937010658,3317.73347862236,"N. magnus","top",1216.42604166667,"2024-04-12 16:52:00",1216.42708333333,"f0054","m","low","5/01/2005",5,2005,"05/23/2022","2",27.9,27.6,27.5,NA,"E","med",83.32,NA,"Extender","/01/2005",27.6666666666667,"may22","Nasuti","MD39-2",533.561109785186,533561.109785186,6956.56022244341,0.013037982144621,0.996350401259223,0.997090003698424,1.00961545905831e-112,3.38026966732002e-117,NA,NA,"MD39-may22",129.9,177.9,273.4,"y"
"MD39","MD39-4-low",10274.2937010658,8686.76586934303,"N. magnus","top",1216.43096064815,"2024-04-12 16:52:00",1216.43200231481,"f0054","m","low","5/01/2005",5,2005,"05/23/2022","4",26.9,26.8,26.8,NA,"W","med",83.32,NA,"Extender","/01/2005",26.8333333333333,"may22","Nasuti","MD39-4",663.018384276289,663018.384276289,1587.52783172274,0.0023943948906569,0.999773688910098,0.999612612661906,1.14918489687503e-167,4.80756626370743e-157,NA,NA,"MD39-may22",129.9,177.9,273.4,"y"
"MD4","MD4-4-low",9058.33595490412,1567.94700738706,"N. magnus","top",120.430555555556,"2024-04-12 16:29:00",120.431597222222,"f0011","m","low","5/01/2002",5,2002,"05/16/2022","4",30.7,31,31.2,NA,"W","med",83.32,NA,"","/01/2002",30.9666666666667,"may22","Nasuti","MD4-4",780.499713678114,780499.713678114,7490.38894751706,0.00959691440784586,0.981122980204043,0.985556502207272,3.02166189221782e-80,1.54671522412747e-85,NA,NA,"MD4-may22",129.9,177.9,273.4,"y"
"MD4","MD4-2-low",9058.33595490412,3642.34001532619,"N. magnus","top",120.425810185185,"2024-04-12 16:29:00",120.426851851852,"f0011","m","low","5/01/2002",5,2002,"05/16/2022","2",30.1,30.1,29.9,NA,"E","med",83.32,NA,"","/01/2002",30.0333333333333,"may22","Nasuti","MD4-2",475.781871667596,475781.871667596,5415.99593957793,0.0113833591864168,0.997211194467392,0.997746684496804,4.87920614872224e-118,2.98611683162407e-122,NA,NA,"MD4-may22",129.9,177.9,273.4,"y"
"MD4","MD4-5-top",9058.33595490412,4406.61797119838,"N. magnus","top",120.433854166667,"2024-04-12 16:29:00",120.434895833333,"f0011","m","top","5/01/2002",5,2002,"05/16/2022","5",30.9,31.1,31,NA,"","med",83.32,NA,"","/01/2002",31,"may22","Nasuti","MD4-5",1049.13620835069,1049136.20835069,13464.9539261025,0.0128343239123071,0.999342953068066,0.999433333812259,1.32434686535138e-146,1.57666287650451e-149,NA,NA,"MD4-may22",129.9,177.9,273.4,"y"
"MD51","MD51-5-top",8718.07861827765,1125.80381573668,"N. magnus","top",1551.43043981481,"2024-04-12 12:59:00",1551.43148148148,"f0068","m","top","4/01/2006",4,2006,"05/25/2022","5",35.2,35.1,35.4,NA,"","med",83.32,NA,"Extender","/01/2006",35.2333333333333,"may22","Nasuti","MD51-5",366.332075055145,366332.075055145,7592.27480254097,0.0207251161433191,0.953608812142025,0.952639439804463,1.7952675524259e-62,4.60252262312364e-62,NA,NA,"MD51-may22",129.9,177.9,273.4,"y"
"MD51","MD51-2-low",8718.07861827765,2377.75185418837,"N. magnus","top",1551.42326388889,"2024-04-12 12:59:00",1551.42430555556,"f0068","m","low","4/01/2006",4,2006,"05/25/2022","2",37.4,34.4,34.5,NA,"E","med",83.32,NA,"Extender","/01/2006",35.4333333333333,"may22","Nasuti","MD51-2",619.038096061031,619038.096061031,6340.32676408928,0.0102422238702805,0.999138817340745,0.999379413227316,2.93930330746898e-141,9.85990186370444e-148,NA,NA,"MD51-may22",129.9,177.9,273.4,"y"
"MD51","MD51-4-low",8718.07861827765,3625.68239504945,"N. magnus","top",1551.42789351852,"2024-04-12 12:59:00",1551.42893518519,"f0068","m","low","4/01/2006",4,2006,"05/25/2022","4",35.5,33.8,33.2,NA,"W","med",83.32,NA,"Extender","/01/2006",34.1666666666667,"may22","Nasuti","MD51-4",915.269202547167,915269.202547167,12343.7610133271,0.0134864813313665,0.99923084282269,0.999284616750604,4.73940706908977e-145,1.68966806481154e-146,NA,NA,"MD51-may22",129.9,177.9,273.4,"y"
"MD57","MD57-5-top",405.531994159171,0.202266854705783,"N. magnus","bottom",1704.45486111111,"2024-04-12 10:05:00",1704.45590277778,"f0074","m","top","9/01/2006",9,2006,"05/26/2022","5",38.5,36.7,35.8,NA,"","sm",47.78,NA,"","/01/2006",37,"may22","Nasuti","MD57-5",152.54259491813,152542.59491813,405.734261013877,0.00265980961731794,0.98610552296748,0.992181390245973,3.10871345025123e-87,1.01039871373774e-98,NA,NA,"MD57-may22",129.9,177.9,273.4,"y"
"MD57","MD57-4-low",405.531994159171,139.356872130256,"N. magnus","bottom",1704.45260416667,"2024-04-12 10:05:00",1704.45364583333,"f0074","m","low","9/01/2006",9,2006,"05/26/2022","4",33.8,36.4,36.7,NA,"W","sm",47.78,NA,"","/01/2006",35.6333333333333,"may22","Nasuti","MD57-4",179.532046876217,179532.046876217,266.175122028915,0.00148260506500233,0.997454584086838,0.996518957889513,7.65228501359924e-120,1.17419244876216e-113,NA,NA,"MD57-may22",129.9,177.9,273.4,"y"
"MD57","MD57-2-low",405.531994159171,145.092267082511,"N. magnus","bottom",1704.44855324074,"2024-04-12 10:05:00",1704.44959490741,"f0074","m","low","9/01/2006",9,2006,"05/26/2022","2",38,37.4,37.2,NA,"E","sm",47.78,NA,"","/01/2006",37.5333333333333,"may22","Nasuti","MD57-2",188.194502059592,188194.502059592,550.624261241682,0.00292582543706471,0.998212699911262,0.9970659781068,7.88118580393885e-127,4.91397582156395e-117,NA,NA,"MD57-may22",129.9,177.9,273.4,"y"
"MD60","MD60-3-mid",2484.76156002968,698.19646849679,"N. magnus","bottom",1795.42523148148,"2024-04-12 14:32:00",1795.42627314815,"f0077","m","mid","12/01/2006",12,2006,"05/26/2022","3",35.3,33.4,33,NA,"S","med",83.32,NA,"Extender","/01/2006",33.9,"may22","Nasuti","MD60-3",422.579885078664,422579.885078664,3182.95802852647,0.00753220430246924,0.998571605062334,0.998841916268563,2.93175546768322e-131,2.09720407793004e-135,NA,NA,"MD60-may22",129.9,177.9,273.4,"y"
"MD60","MD60-5-top",2484.76156002968,1114.73486214172,"N. magnus","bottom",1795.42945601852,"2024-04-12 14:32:00",1795.43049768519,"f0077","m","top","12/01/2006",12,2006,"05/26/2022","5",32.3,32.2,31.8,NA,"","med",83.32,NA,"Extender","/01/2006",32.1,"may22","Nasuti","MD60-5",123.999872142647,123999.872142647,1370.02669788796,0.0110486137946329,0.902281753129549,0.958367630120577,9.7038417449179e-48,1.30129014409601e-64,NA,NA,"MD60-may22",129.9,177.9,273.4,"y"
"MD60","MD60-4-low",2484.76156002968,1413.0863203059,"N. magnus","bottom",1795.42737268519,"2024-04-12 14:32:00",1795.42841435185,"f0077","m","low","12/01/2006",12,2006,"05/26/2022","4",33,32.9,32.7,NA,"W","med",83.32,NA,"Extender","/01/2006",32.8666666666667,"may22","Nasuti","MD60-4",201.528007896365,201528.007896365,1071.67523972378,0.00531774839095757,0.992720650279588,0.995743175627032,4.44622164173034e-99,1.11053812360961e-109,NA,NA,"MD60-may22",129.9,177.9,273.4,"y"
"MD62","MD62-1-mid",2577.84551830368,316.076574489729,"N. magnus","bottom",1857.42326388889,"2024-04-12 08:18:00",1857.42430555556,"f0080","m","mid","2/01/2007",2,2007,"05/27/2022","1",20.2,20,20,NA,"N","med",83.32,NA,"Extender","/01/2007",20.0666666666667,"may22","Nasuti","MD62-1",315.408360416975,315408.360416975,2893.92209279341,0.00917515974835796,0.998200654204442,0.998637914382345,1.06985458181988e-126,3.37144754046262e-132,NA,NA,"MD62-may22",129.9,177.9,273.4,"y"
"MD62","MD62-4-low",2577.84551830368,574.774184341299,"N. magnus","bottom",1857.42945601852,"2024-04-12 08:18:00",1857.43049768519,"f0080","m","low","2/01/2007",2,2007,"05/27/2022","4",21.1,21.1,21.1,NA,"W","med",83.32,NA,"Extender","/01/2007",21.1,"may22","Nasuti","MD62-4",415.151749342461,415151.749342461,3152.61970264498,0.00759389718973427,0.998565692312174,0.998768397155943,3.53799396579529e-131,3.45067613476118e-134,NA,NA,"MD62-may22",129.9,177.9,273.4,"y"
"MD62","MD62-3-mid",2577.84551830368,2158.45376382872,"N. magnus","bottom",1857.42737268519,"2024-04-12 08:18:00",1857.42841435185,"f0080","m","mid","2/01/2007",2,2007,"05/27/2022","3",20.2,20.7,20.6,NA,"S","med",83.32,NA,"Extender, mound looks dead","/01/2007",20.5,"may22","Nasuti","MD62-3",96.7287134606714,96728.7134606714,419.391754474957,0.00433575243038331,0.982555698253648,0.967357389674804,8.32152984509574e-82,2.02063291632595e-69,NA,NA,"MD62-may22",129.9,177.9,273.4,"y"
"MD64","MD64-5-top",2282.05511583483,672.548378273929,"N. magnus","bottom",1916.42934027778,"2024-04-12 10:05:00",1916.43038194444,"f0082","m","top","4/01/2007",4,2007,"05/27/2022","5",34.1,32.8,32.4,NA,"","med",83.32,NA,"Extender","/01/2007",33.1,"may22","Nasuti","MD64-5",134.844005694622,134844.005694622,1609.5067375609,0.011936064412132,0.960077874668805,0.9704361848725,1.92797019678678e-65,2.22434614832482e-71,NA,NA,"MD64-may22",129.9,177.9,273.4,"y"
"MD64","MD64-4-low",2282.05511583483,1197.89947652041,"N. magnus","bottom",1916.42731481481,"2024-04-12 10:05:00",1916.42835648148,"f0082","m","low","4/01/2007",4,2007,"05/27/2022","4",33.3,33.7,32.7,NA,"W","med",83.32,NA,"Extender","/01/2007",33.2333333333333,"may22","Nasuti","MD64-4",292.266629233799,292266.629233799,3479.95459235524,0.0119067804678154,0.994879042286507,0.995404615594793,4.98650462845463e-106,3.61284133296343e-108,NA,NA,"MD64-may22",129.9,177.9,273.4,"y"
"MD64","MD64-3-mid",2282.05511583483,1254.04143741604,"N. magnus","bottom",1916.42534722222,"2024-04-12 10:05:00",1916.42638888889,"f0082","m","mid","4/01/2007",4,2007,"05/27/2022","3",34,34.2,34.3,NA,"S","med",83.32,NA,"Extender","/01/2007",34.1666666666667,"may22","Nasuti","MD64-3",164.275038711372,164275.038711372,1028.01367841879,0.00625788121240373,0.998482084346342,0.998607260734661,4.65925673321213e-130,9.2810946193715e-132,NA,NA,"MD64-may22",129.9,177.9,273.4,"y"
